image_url0,image_url1,image_url2,image_url3,image_url4,image_url5,image_url6,image_url7,image_url8,image_url9,image_url10
https://tig-imagent-bucket.s3.eu-central-1.amazonaws.com/dlfuzz_1.png,https://tig-imagent-bucket.s3.eu-central-1.amazonaws.com/dlfuzz_12.png,https://tig-imagent-bucket.s3.eu-central-1.amazonaws.com/deepexplore_41.png,https://tig-imagent-bucket.s3.eu-central-1.amazonaws.com/oxford_2.png,https://tig-imagent-bucket.s3.eu-central-1.amazonaws.com/oxford_54.png,https://tig-imagent-bucket.s3.eu-central-1.amazonaws.com/vr_0_e281_pNone.png,https://tig-imagent-bucket.s3.eu-central-1.amazonaws.com/oxford_1.png,https://tig-imagent-bucket.s3.eu-central-1.amazonaws.com/deepexplore_56.png,https://tig-imagent-bucket.s3.eu-central-1.amazonaws.com/deepexplore_110.png,https://tig-imagent-bucket.s3.eu-central-1.amazonaws.com/oxford_98.png,https://tig-imagent-bucket.s3.eu-central-1.amazonaws.com/oxford_40.png
https://tig-imagent-bucket.s3.eu-central-1.amazonaws.com/deepexplore_105.png,https://tig-imagent-bucket.s3.eu-central-1.amazonaws.com/deepexplore_115.png,https://tig-imagent-bucket.s3.eu-central-1.amazonaws.com/vr_0_e281_pNone.png,https://tig-imagent-bucket.s3.eu-central-1.amazonaws.com/dlfuzz_107.png,https://tig-imagent-bucket.s3.eu-central-1.amazonaws.com/deepexplore_68.png,https://tig-imagent-bucket.s3.eu-central-1.amazonaws.com/dlfuzz_80.png,https://tig-imagent-bucket.s3.eu-central-1.amazonaws.com/sinvad_24.png,https://tig-imagent-bucket.s3.eu-central-1.amazonaws.com/oxford_6.png,https://tig-imagent-bucket.s3.eu-central-1.amazonaws.com/sinvad_19.png,https://tig-imagent-bucket.s3.eu-central-1.amazonaws.com/dlfuzz_61.png,https://tig-imagent-bucket.s3.eu-central-1.amazonaws.com/sinvad_93.png
https://tig-imagent-bucket.s3.eu-central-1.amazonaws.com/sinvad_90.png,https://tig-imagent-bucket.s3.eu-central-1.amazonaws.com/dlfuzz_40.png,https://tig-imagent-bucket.s3.eu-central-1.amazonaws.com/deepexplore_3.png,https://tig-imagent-bucket.s3.eu-central-1.amazonaws.com/oxford_24.png,https://tig-imagent-bucket.s3.eu-central-1.amazonaws.com/sinvad_17.png,https://tig-imagent-bucket.s3.eu-central-1.amazonaws.com/vr_0_e281_pNone.png,https://tig-imagent-bucket.s3.eu-central-1.amazonaws.com/deepexplore_5.png,https://tig-imagent-bucket.s3.eu-central-1.amazonaws.com/deepexplore_102.png,https://tig-imagent-bucket.s3.eu-central-1.amazonaws.com/oxford_34.png,https://tig-imagent-bucket.s3.eu-central-1.amazonaws.com/sinvad_81.png,https://tig-imagent-bucket.s3.eu-central-1.amazonaws.com/dlfuzz_59.png
https://tig-imagent-bucket.s3.eu-central-1.amazonaws.com/vr_0_e281_pNone.png,https://tig-imagent-bucket.s3.eu-central-1.amazonaws.com/sinvad_36.png,https://tig-imagent-bucket.s3.eu-central-1.amazonaws.com/oxford_75.png,https://tig-imagent-bucket.s3.eu-central-1.amazonaws.com/dlfuzz_94.png,https://tig-imagent-bucket.s3.eu-central-1.amazonaws.com/dlfuzz_100.png,https://tig-imagent-bucket.s3.eu-central-1.amazonaws.com/sinvad_75.png,https://tig-imagent-bucket.s3.eu-central-1.amazonaws.com/oxford_78.png,https://tig-imagent-bucket.s3.eu-central-1.amazonaws.com/deepexplore_59.png,https://tig-imagent-bucket.s3.eu-central-1.amazonaws.com/dlfuzz_66.png,https://tig-imagent-bucket.s3.eu-central-1.amazonaws.com/oxford_104.png,https://tig-imagent-bucket.s3.eu-central-1.amazonaws.com/deepexplore_32.png
https://tig-imagent-bucket.s3.eu-central-1.amazonaws.com/sinvad_3.png,https://tig-imagent-bucket.s3.eu-central-1.amazonaws.com/deepexplore_72.png,https://tig-imagent-bucket.s3.eu-central-1.amazonaws.com/deepexplore_2.png,https://tig-imagent-bucket.s3.eu-central-1.amazonaws.com/deepexplore_87.png,https://tig-imagent-bucket.s3.eu-central-1.amazonaws.com/oxford_102.png,https://tig-imagent-bucket.s3.eu-central-1.amazonaws.com/vr_0_e281_pNone.png,https://tig-imagent-bucket.s3.eu-central-1.amazonaws.com/deepexplore_13.png,https://tig-imagent-bucket.s3.eu-central-1.amazonaws.com/dlfuzz_34.png,https://tig-imagent-bucket.s3.eu-central-1.amazonaws.com/sinvad_84.png,https://tig-imagent-bucket.s3.eu-central-1.amazonaws.com/oxford_55.png,https://tig-imagent-bucket.s3.eu-central-1.amazonaws.com/dlfuzz_51.png
https://tig-imagent-bucket.s3.eu-central-1.amazonaws.com/deepexplore_66.png,https://tig-imagent-bucket.s3.eu-central-1.amazonaws.com/deepexplore_64.png,https://tig-imagent-bucket.s3.eu-central-1.amazonaws.com/sinvad_16.png,https://tig-imagent-bucket.s3.eu-central-1.amazonaws.com/deepexplore_47.png,https://tig-imagent-bucket.s3.eu-central-1.amazonaws.com/vr_0_e281_pNone.png,https://tig-imagent-bucket.s3.eu-central-1.amazonaws.com/dlfuzz_63.png,https://tig-imagent-bucket.s3.eu-central-1.amazonaws.com/dlfuzz_69.png,https://tig-imagent-bucket.s3.eu-central-1.amazonaws.com/sinvad_78.png,https://tig-imagent-bucket.s3.eu-central-1.amazonaws.com/dlfuzz_65.png,https://tig-imagent-bucket.s3.eu-central-1.amazonaws.com/dlfuzz_3.png,https://tig-imagent-bucket.s3.eu-central-1.amazonaws.com/dlfuzz_87.png
https://tig-imagent-bucket.s3.eu-central-1.amazonaws.com/sinvad_72.png,https://tig-imagent-bucket.s3.eu-central-1.amazonaws.com/deepexplore_106.png,https://tig-imagent-bucket.s3.eu-central-1.amazonaws.com/deepexplore_80.png,https://tig-imagent-bucket.s3.eu-central-1.amazonaws.com/oxford_31.png,https://tig-imagent-bucket.s3.eu-central-1.amazonaws.com/dlfuzz_14.png,https://tig-imagent-bucket.s3.eu-central-1.amazonaws.com/dlfuzz_19.png,https://tig-imagent-bucket.s3.eu-central-1.amazonaws.com/vr_0_e281_pNone.png,https://tig-imagent-bucket.s3.eu-central-1.amazonaws.com/oxford_60.png,https://tig-imagent-bucket.s3.eu-central-1.amazonaws.com/oxford_70.png,https://tig-imagent-bucket.s3.eu-central-1.amazonaws.com/dlfuzz_48.png,https://tig-imagent-bucket.s3.eu-central-1.amazonaws.com/deepexplore_33.png
https://tig-imagent-bucket.s3.eu-central-1.amazonaws.com/oxford_22.png,https://tig-imagent-bucket.s3.eu-central-1.amazonaws.com/dlfuzz_4.png,https://tig-imagent-bucket.s3.eu-central-1.amazonaws.com/oxford_14.png,https://tig-imagent-bucket.s3.eu-central-1.amazonaws.com/deepexplore_15.png,https://tig-imagent-bucket.s3.eu-central-1.amazonaws.com/sinvad_82.png,https://tig-imagent-bucket.s3.eu-central-1.amazonaws.com/deepexplore_104.png,https://tig-imagent-bucket.s3.eu-central-1.amazonaws.com/vr_0_e281_pNone.png,https://tig-imagent-bucket.s3.eu-central-1.amazonaws.com/dlfuzz_64.png,https://tig-imagent-bucket.s3.eu-central-1.amazonaws.com/dlfuzz_47.png,https://tig-imagent-bucket.s3.eu-central-1.amazonaws.com/deepexplore_107.png,https://tig-imagent-bucket.s3.eu-central-1.amazonaws.com/sinvad_28.png
https://tig-imagent-bucket.s3.eu-central-1.amazonaws.com/dlfuzz_32.png,https://tig-imagent-bucket.s3.eu-central-1.amazonaws.com/dlfuzz_102.png,https://tig-imagent-bucket.s3.eu-central-1.amazonaws.com/deepexplore_83.png,https://tig-imagent-bucket.s3.eu-central-1.amazonaws.com/sinvad_49.png,https://tig-imagent-bucket.s3.eu-central-1.amazonaws.com/sinvad_63.png,https://tig-imagent-bucket.s3.eu-central-1.amazonaws.com/dlfuzz_95.png,https://tig-imagent-bucket.s3.eu-central-1.amazonaws.com/sinvad_20.png,https://tig-imagent-bucket.s3.eu-central-1.amazonaws.com/oxford_85.png,https://tig-imagent-bucket.s3.eu-central-1.amazonaws.com/vr_0_e281_pNone.png,https://tig-imagent-bucket.s3.eu-central-1.amazonaws.com/deepexplore_21.png,https://tig-imagent-bucket.s3.eu-central-1.amazonaws.com/dlfuzz_2.png
https://tig-imagent-bucket.s3.eu-central-1.amazonaws.com/vr_0_e281_pNone.png,https://tig-imagent-bucket.s3.eu-central-1.amazonaws.com/sinvad_42.png,https://tig-imagent-bucket.s3.eu-central-1.amazonaws.com/deepexplore_11.png,https://tig-imagent-bucket.s3.eu-central-1.amazonaws.com/deepexplore_89.png,https://tig-imagent-bucket.s3.eu-central-1.amazonaws.com/oxford_43.png,https://tig-imagent-bucket.s3.eu-central-1.amazonaws.com/sinvad_46.png,https://tig-imagent-bucket.s3.eu-central-1.amazonaws.com/deepexplore_111.png,https://tig-imagent-bucket.s3.eu-central-1.amazonaws.com/deepexplore_26.png,https://tig-imagent-bucket.s3.eu-central-1.amazonaws.com/dlfuzz_15.png,https://tig-imagent-bucket.s3.eu-central-1.amazonaws.com/dlfuzz_29.png,https://tig-imagent-bucket.s3.eu-central-1.amazonaws.com/dlfuzz_70.png
https://tig-imagent-bucket.s3.eu-central-1.amazonaws.com/deepexplore_103.png,https://tig-imagent-bucket.s3.eu-central-1.amazonaws.com/deepexplore_91.png,https://tig-imagent-bucket.s3.eu-central-1.amazonaws.com/vr_0_e281_pNone.png,https://tig-imagent-bucket.s3.eu-central-1.amazonaws.com/deepexplore_51.png,https://tig-imagent-bucket.s3.eu-central-1.amazonaws.com/sinvad_11.png,https://tig-imagent-bucket.s3.eu-central-1.amazonaws.com/deepexplore_62.png,https://tig-imagent-bucket.s3.eu-central-1.amazonaws.com/dlfuzz_103.png,https://tig-imagent-bucket.s3.eu-central-1.amazonaws.com/deepexplore_8.png,https://tig-imagent-bucket.s3.eu-central-1.amazonaws.com/deepexplore_73.png,https://tig-imagent-bucket.s3.eu-central-1.amazonaws.com/oxford_42.png,https://tig-imagent-bucket.s3.eu-central-1.amazonaws.com/deepexplore_48.png
https://tig-imagent-bucket.s3.eu-central-1.amazonaws.com/vr_0_e281_pNone.png,https://tig-imagent-bucket.s3.eu-central-1.amazonaws.com/deepexplore_74.png,https://tig-imagent-bucket.s3.eu-central-1.amazonaws.com/sinvad_70.png,https://tig-imagent-bucket.s3.eu-central-1.amazonaws.com/deepexplore_84.png,https://tig-imagent-bucket.s3.eu-central-1.amazonaws.com/sinvad_85.png,https://tig-imagent-bucket.s3.eu-central-1.amazonaws.com/deepexplore_12.png,https://tig-imagent-bucket.s3.eu-central-1.amazonaws.com/deepexplore_28.png,https://tig-imagent-bucket.s3.eu-central-1.amazonaws.com/dlfuzz_86.png,https://tig-imagent-bucket.s3.eu-central-1.amazonaws.com/oxford_23.png,https://tig-imagent-bucket.s3.eu-central-1.amazonaws.com/deepexplore_37.png,https://tig-imagent-bucket.s3.eu-central-1.amazonaws.com/dlfuzz_54.png
https://tig-imagent-bucket.s3.eu-central-1.amazonaws.com/dlfuzz_93.png,https://tig-imagent-bucket.s3.eu-central-1.amazonaws.com/sinvad_13.png,https://tig-imagent-bucket.s3.eu-central-1.amazonaws.com/dlfuzz_46.png,https://tig-imagent-bucket.s3.eu-central-1.amazonaws.com/oxford_69.png,https://tig-imagent-bucket.s3.eu-central-1.amazonaws.com/sinvad_15.png,https://tig-imagent-bucket.s3.eu-central-1.amazonaws.com/vr_0_e281_pNone.png,https://tig-imagent-bucket.s3.eu-central-1.amazonaws.com/dlfuzz_75.png,https://tig-imagent-bucket.s3.eu-central-1.amazonaws.com/sinvad_74.png,https://tig-imagent-bucket.s3.eu-central-1.amazonaws.com/dlfuzz_43.png,https://tig-imagent-bucket.s3.eu-central-1.amazonaws.com/oxford_29.png,https://tig-imagent-bucket.s3.eu-central-1.amazonaws.com/sinvad_88.png
https://tig-imagent-bucket.s3.eu-central-1.amazonaws.com/sinvad_89.png,https://tig-imagent-bucket.s3.eu-central-1.amazonaws.com/dlfuzz_90.png,https://tig-imagent-bucket.s3.eu-central-1.amazonaws.com/sinvad_56.png,https://tig-imagent-bucket.s3.eu-central-1.amazonaws.com/deepexplore_35.png,https://tig-imagent-bucket.s3.eu-central-1.amazonaws.com/sinvad_26.png,https://tig-imagent-bucket.s3.eu-central-1.amazonaws.com/oxford_73.png,https://tig-imagent-bucket.s3.eu-central-1.amazonaws.com/deepexplore_77.png,https://tig-imagent-bucket.s3.eu-central-1.amazonaws.com/sinvad_22.png,https://tig-imagent-bucket.s3.eu-central-1.amazonaws.com/dlfuzz_106.png,https://tig-imagent-bucket.s3.eu-central-1.amazonaws.com/vr_0_e281_pNone.png,https://tig-imagent-bucket.s3.eu-central-1.amazonaws.com/dlfuzz_27.png
https://tig-imagent-bucket.s3.eu-central-1.amazonaws.com/deepexplore_18.png,https://tig-imagent-bucket.s3.eu-central-1.amazonaws.com/oxford_83.png,https://tig-imagent-bucket.s3.eu-central-1.amazonaws.com/oxford_91.png,https://tig-imagent-bucket.s3.eu-central-1.amazonaws.com/deepexplore_100.png,https://tig-imagent-bucket.s3.eu-central-1.amazonaws.com/oxford_52.png,https://tig-imagent-bucket.s3.eu-central-1.amazonaws.com/oxford_67.png,https://tig-imagent-bucket.s3.eu-central-1.amazonaws.com/vr_0_e281_pNone.png,https://tig-imagent-bucket.s3.eu-central-1.amazonaws.com/deepexplore_46.png,https://tig-imagent-bucket.s3.eu-central-1.amazonaws.com/oxford_38.png,https://tig-imagent-bucket.s3.eu-central-1.amazonaws.com/deepexplore_58.png,https://tig-imagent-bucket.s3.eu-central-1.amazonaws.com/dlfuzz_88.png
https://tig-imagent-bucket.s3.eu-central-1.amazonaws.com/deepexplore_25.png,https://tig-imagent-bucket.s3.eu-central-1.amazonaws.com/deepexplore_97.png,https://tig-imagent-bucket.s3.eu-central-1.amazonaws.com/sinvad_12.png,https://tig-imagent-bucket.s3.eu-central-1.amazonaws.com/sinvad_51.png,https://tig-imagent-bucket.s3.eu-central-1.amazonaws.com/deepexplore_98.png,https://tig-imagent-bucket.s3.eu-central-1.amazonaws.com/vr_0_e281_pNone.png,https://tig-imagent-bucket.s3.eu-central-1.amazonaws.com/deepexplore_10.png,https://tig-imagent-bucket.s3.eu-central-1.amazonaws.com/oxford_26.png,https://tig-imagent-bucket.s3.eu-central-1.amazonaws.com/dlfuzz_25.png,https://tig-imagent-bucket.s3.eu-central-1.amazonaws.com/deepexplore_86.png,https://tig-imagent-bucket.s3.eu-central-1.amazonaws.com/oxford_61.png
https://tig-imagent-bucket.s3.eu-central-1.amazonaws.com/deepexplore_0.png,https://tig-imagent-bucket.s3.eu-central-1.amazonaws.com/oxford_68.png,https://tig-imagent-bucket.s3.eu-central-1.amazonaws.com/deepexplore_49.png,https://tig-imagent-bucket.s3.eu-central-1.amazonaws.com/deepexplore_9.png,https://tig-imagent-bucket.s3.eu-central-1.amazonaws.com/vr_0_e281_pNone.png,https://tig-imagent-bucket.s3.eu-central-1.amazonaws.com/dlfuzz_82.png,https://tig-imagent-bucket.s3.eu-central-1.amazonaws.com/dlfuzz_16.png,https://tig-imagent-bucket.s3.eu-central-1.amazonaws.com/deepexplore_45.png,https://tig-imagent-bucket.s3.eu-central-1.amazonaws.com/deepexplore_16.png,https://tig-imagent-bucket.s3.eu-central-1.amazonaws.com/deepexplore_20.png,https://tig-imagent-bucket.s3.eu-central-1.amazonaws.com/oxford_46.png
https://tig-imagent-bucket.s3.eu-central-1.amazonaws.com/deepexplore_60.png,https://tig-imagent-bucket.s3.eu-central-1.amazonaws.com/oxford_50.png,https://tig-imagent-bucket.s3.eu-central-1.amazonaws.com/vr_0_e281_pNone.png,https://tig-imagent-bucket.s3.eu-central-1.amazonaws.com/dlfuzz_5.png,https://tig-imagent-bucket.s3.eu-central-1.amazonaws.com/sinvad_57.png,https://tig-imagent-bucket.s3.eu-central-1.amazonaws.com/dlfuzz_45.png,https://tig-imagent-bucket.s3.eu-central-1.amazonaws.com/deepexplore_50.png,https://tig-imagent-bucket.s3.eu-central-1.amazonaws.com/deepexplore_43.png,https://tig-imagent-bucket.s3.eu-central-1.amazonaws.com/dlfuzz_97.png,https://tig-imagent-bucket.s3.eu-central-1.amazonaws.com/oxford_58.png,https://tig-imagent-bucket.s3.eu-central-1.amazonaws.com/deepexplore_114.png
https://tig-imagent-bucket.s3.eu-central-1.amazonaws.com/sinvad_83.png,https://tig-imagent-bucket.s3.eu-central-1.amazonaws.com/oxford_47.png,https://tig-imagent-bucket.s3.eu-central-1.amazonaws.com/deepexplore_36.png,https://tig-imagent-bucket.s3.eu-central-1.amazonaws.com/dlfuzz_50.png,https://tig-imagent-bucket.s3.eu-central-1.amazonaws.com/vr_0_e281_pNone.png,https://tig-imagent-bucket.s3.eu-central-1.amazonaws.com/dlfuzz_26.png,https://tig-imagent-bucket.s3.eu-central-1.amazonaws.com/dlfuzz_57.png,https://tig-imagent-bucket.s3.eu-central-1.amazonaws.com/oxford_57.png,https://tig-imagent-bucket.s3.eu-central-1.amazonaws.com/deepexplore_109.png,https://tig-imagent-bucket.s3.eu-central-1.amazonaws.com/deepexplore_30.png,https://tig-imagent-bucket.s3.eu-central-1.amazonaws.com/sinvad_62.png
https://tig-imagent-bucket.s3.eu-central-1.amazonaws.com/oxford_4.png,https://tig-imagent-bucket.s3.eu-central-1.amazonaws.com/vr_0_e281_pNone.png,https://tig-imagent-bucket.s3.eu-central-1.amazonaws.com/dlfuzz_78.png,https://tig-imagent-bucket.s3.eu-central-1.amazonaws.com/oxford_17.png,https://tig-imagent-bucket.s3.eu-central-1.amazonaws.com/dlfuzz_30.png,https://tig-imagent-bucket.s3.eu-central-1.amazonaws.com/dlfuzz_83.png,https://tig-imagent-bucket.s3.eu-central-1.amazonaws.com/dlfuzz_6.png,https://tig-imagent-bucket.s3.eu-central-1.amazonaws.com/sinvad_94.png,https://tig-imagent-bucket.s3.eu-central-1.amazonaws.com/sinvad_48.png,https://tig-imagent-bucket.s3.eu-central-1.amazonaws.com/deepexplore_7.png,https://tig-imagent-bucket.s3.eu-central-1.amazonaws.com/deepexplore_22.png
https://tig-imagent-bucket.s3.eu-central-1.amazonaws.com/sinvad_73.png,https://tig-imagent-bucket.s3.eu-central-1.amazonaws.com/oxford_86.png,https://tig-imagent-bucket.s3.eu-central-1.amazonaws.com/dlfuzz_58.png,https://tig-imagent-bucket.s3.eu-central-1.amazonaws.com/oxford_74.png,https://tig-imagent-bucket.s3.eu-central-1.amazonaws.com/oxford_45.png,https://tig-imagent-bucket.s3.eu-central-1.amazonaws.com/oxford_89.png,https://tig-imagent-bucket.s3.eu-central-1.amazonaws.com/deepexplore_38.png,https://tig-imagent-bucket.s3.eu-central-1.amazonaws.com/oxford_80.png,https://tig-imagent-bucket.s3.eu-central-1.amazonaws.com/vr_0_e281_pNone.png,https://tig-imagent-bucket.s3.eu-central-1.amazonaws.com/deepexplore_31.png,https://tig-imagent-bucket.s3.eu-central-1.amazonaws.com/sinvad_23.png
https://tig-imagent-bucket.s3.eu-central-1.amazonaws.com/oxford_15.png,https://tig-imagent-bucket.s3.eu-central-1.amazonaws.com/dlfuzz_20.png,https://tig-imagent-bucket.s3.eu-central-1.amazonaws.com/vr_0_e281_pNone.png,https://tig-imagent-bucket.s3.eu-central-1.amazonaws.com/dlfuzz_24.png,https://tig-imagent-bucket.s3.eu-central-1.amazonaws.com/sinvad_10.png,https://tig-imagent-bucket.s3.eu-central-1.amazonaws.com/deepexplore_17.png,https://tig-imagent-bucket.s3.eu-central-1.amazonaws.com/sinvad_30.png,https://tig-imagent-bucket.s3.eu-central-1.amazonaws.com/oxford_13.png,https://tig-imagent-bucket.s3.eu-central-1.amazonaws.com/sinvad_1.png,https://tig-imagent-bucket.s3.eu-central-1.amazonaws.com/oxford_41.png,https://tig-imagent-bucket.s3.eu-central-1.amazonaws.com/deepexplore_78.png
https://tig-imagent-bucket.s3.eu-central-1.amazonaws.com/vr_0_e281_pNone.png,https://tig-imagent-bucket.s3.eu-central-1.amazonaws.com/oxford_97.png,https://tig-imagent-bucket.s3.eu-central-1.amazonaws.com/oxford_62.png,https://tig-imagent-bucket.s3.eu-central-1.amazonaws.com/oxford_25.png,https://tig-imagent-bucket.s3.eu-central-1.amazonaws.com/deepexplore_19.png,https://tig-imagent-bucket.s3.eu-central-1.amazonaws.com/dlfuzz_38.png,https://tig-imagent-bucket.s3.eu-central-1.amazonaws.com/oxford_44.png,https://tig-imagent-bucket.s3.eu-central-1.amazonaws.com/dlfuzz_9.png,https://tig-imagent-bucket.s3.eu-central-1.amazonaws.com/dlfuzz_62.png,https://tig-imagent-bucket.s3.eu-central-1.amazonaws.com/deepexplore_40.png,https://tig-imagent-bucket.s3.eu-central-1.amazonaws.com/dlfuzz_105.png
https://tig-imagent-bucket.s3.eu-central-1.amazonaws.com/sinvad_18.png,https://tig-imagent-bucket.s3.eu-central-1.amazonaws.com/dlfuzz_0.png,https://tig-imagent-bucket.s3.eu-central-1.amazonaws.com/oxford_92.png,https://tig-imagent-bucket.s3.eu-central-1.amazonaws.com/dlfuzz_42.png,https://tig-imagent-bucket.s3.eu-central-1.amazonaws.com/deepexplore_23.png,https://tig-imagent-bucket.s3.eu-central-1.amazonaws.com/sinvad_14.png,https://tig-imagent-bucket.s3.eu-central-1.amazonaws.com/dlfuzz_73.png,https://tig-imagent-bucket.s3.eu-central-1.amazonaws.com/vr_0_e281_pNone.png,https://tig-imagent-bucket.s3.eu-central-1.amazonaws.com/deepexplore_42.png,https://tig-imagent-bucket.s3.eu-central-1.amazonaws.com/oxford_99.png,https://tig-imagent-bucket.s3.eu-central-1.amazonaws.com/sinvad_31.png
https://tig-imagent-bucket.s3.eu-central-1.amazonaws.com/oxford_66.png,https://tig-imagent-bucket.s3.eu-central-1.amazonaws.com/deepexplore_24.png,https://tig-imagent-bucket.s3.eu-central-1.amazonaws.com/dlfuzz_18.png,https://tig-imagent-bucket.s3.eu-central-1.amazonaws.com/oxford_103.png,https://tig-imagent-bucket.s3.eu-central-1.amazonaws.com/sinvad_99.png,https://tig-imagent-bucket.s3.eu-central-1.amazonaws.com/sinvad_0.png,https://tig-imagent-bucket.s3.eu-central-1.amazonaws.com/sinvad_68.png,https://tig-imagent-bucket.s3.eu-central-1.amazonaws.com/dlfuzz_10.png,https://tig-imagent-bucket.s3.eu-central-1.amazonaws.com/oxford_10.png,https://tig-imagent-bucket.s3.eu-central-1.amazonaws.com/sinvad_76.png,https://tig-imagent-bucket.s3.eu-central-1.amazonaws.com/vr_0_e281_pNone.png
https://tig-imagent-bucket.s3.eu-central-1.amazonaws.com/dlfuzz_99.png,https://tig-imagent-bucket.s3.eu-central-1.amazonaws.com/dlfuzz_28.png,https://tig-imagent-bucket.s3.eu-central-1.amazonaws.com/oxford_48.png,https://tig-imagent-bucket.s3.eu-central-1.amazonaws.com/sinvad_21.png,https://tig-imagent-bucket.s3.eu-central-1.amazonaws.com/dlfuzz_71.png,https://tig-imagent-bucket.s3.eu-central-1.amazonaws.com/oxford_32.png,https://tig-imagent-bucket.s3.eu-central-1.amazonaws.com/sinvad_79.png,https://tig-imagent-bucket.s3.eu-central-1.amazonaws.com/oxford_79.png,https://tig-imagent-bucket.s3.eu-central-1.amazonaws.com/deepexplore_108.png,https://tig-imagent-bucket.s3.eu-central-1.amazonaws.com/vr_0_e281_pNone.png,https://tig-imagent-bucket.s3.eu-central-1.amazonaws.com/oxford_101.png
https://tig-imagent-bucket.s3.eu-central-1.amazonaws.com/deepexplore_39.png,https://tig-imagent-bucket.s3.eu-central-1.amazonaws.com/sinvad_86.png,https://tig-imagent-bucket.s3.eu-central-1.amazonaws.com/deepexplore_93.png,https://tig-imagent-bucket.s3.eu-central-1.amazonaws.com/dlfuzz_81.png,https://tig-imagent-bucket.s3.eu-central-1.amazonaws.com/vr_0_e281_pNone.png,https://tig-imagent-bucket.s3.eu-central-1.amazonaws.com/oxford_93.png,https://tig-imagent-bucket.s3.eu-central-1.amazonaws.com/oxford_59.png,https://tig-imagent-bucket.s3.eu-central-1.amazonaws.com/deepexplore_76.png,https://tig-imagent-bucket.s3.eu-central-1.amazonaws.com/sinvad_53.png,https://tig-imagent-bucket.s3.eu-central-1.amazonaws.com/dlfuzz_35.png,https://tig-imagent-bucket.s3.eu-central-1.amazonaws.com/sinvad_34.png
https://tig-imagent-bucket.s3.eu-central-1.amazonaws.com/sinvad_25.png,https://tig-imagent-bucket.s3.eu-central-1.amazonaws.com/oxford_3.png,https://tig-imagent-bucket.s3.eu-central-1.amazonaws.com/deepexplore_94.png,https://tig-imagent-bucket.s3.eu-central-1.amazonaws.com/oxford_81.png,https://tig-imagent-bucket.s3.eu-central-1.amazonaws.com/sinvad_80.png,https://tig-imagent-bucket.s3.eu-central-1.amazonaws.com/sinvad_33.png,https://tig-imagent-bucket.s3.eu-central-1.amazonaws.com/dlfuzz_37.png,https://tig-imagent-bucket.s3.eu-central-1.amazonaws.com/deepexplore_71.png,https://tig-imagent-bucket.s3.eu-central-1.amazonaws.com/oxford_37.png,https://tig-imagent-bucket.s3.eu-central-1.amazonaws.com/vr_0_e281_pNone.png,https://tig-imagent-bucket.s3.eu-central-1.amazonaws.com/sinvad_91.png
https://tig-imagent-bucket.s3.eu-central-1.amazonaws.com/sinvad_45.png,https://tig-imagent-bucket.s3.eu-central-1.amazonaws.com/oxford_36.png,https://tig-imagent-bucket.s3.eu-central-1.amazonaws.com/oxford_49.png,https://tig-imagent-bucket.s3.eu-central-1.amazonaws.com/oxford_87.png,https://tig-imagent-bucket.s3.eu-central-1.amazonaws.com/dlfuzz_36.png,https://tig-imagent-bucket.s3.eu-central-1.amazonaws.com/vr_0_e281_pNone.png,https://tig-imagent-bucket.s3.eu-central-1.amazonaws.com/sinvad_96.png,https://tig-imagent-bucket.s3.eu-central-1.amazonaws.com/oxford_94.png,https://tig-imagent-bucket.s3.eu-central-1.amazonaws.com/sinvad_87.png,https://tig-imagent-bucket.s3.eu-central-1.amazonaws.com/sinvad_2.png,https://tig-imagent-bucket.s3.eu-central-1.amazonaws.com/dlfuzz_49.png
https://tig-imagent-bucket.s3.eu-central-1.amazonaws.com/vr_0_e281_pNone.png,https://tig-imagent-bucket.s3.eu-central-1.amazonaws.com/sinvad_40.png,https://tig-imagent-bucket.s3.eu-central-1.amazonaws.com/dlfuzz_23.png,https://tig-imagent-bucket.s3.eu-central-1.amazonaws.com/dlfuzz_39.png,https://tig-imagent-bucket.s3.eu-central-1.amazonaws.com/sinvad_29.png,https://tig-imagent-bucket.s3.eu-central-1.amazonaws.com/sinvad_65.png,https://tig-imagent-bucket.s3.eu-central-1.amazonaws.com/dlfuzz_11.png,https://tig-imagent-bucket.s3.eu-central-1.amazonaws.com/oxford_27.png,https://tig-imagent-bucket.s3.eu-central-1.amazonaws.com/deepexplore_96.png,https://tig-imagent-bucket.s3.eu-central-1.amazonaws.com/deepexplore_113.png,https://tig-imagent-bucket.s3.eu-central-1.amazonaws.com/deepexplore_101.png
https://tig-imagent-bucket.s3.eu-central-1.amazonaws.com/sinvad_98.png,https://tig-imagent-bucket.s3.eu-central-1.amazonaws.com/vr_0_e281_pNone.png,https://tig-imagent-bucket.s3.eu-central-1.amazonaws.com/dlfuzz_44.png,https://tig-imagent-bucket.s3.eu-central-1.amazonaws.com/sinvad_52.png,https://tig-imagent-bucket.s3.eu-central-1.amazonaws.com/deepexplore_92.png,https://tig-imagent-bucket.s3.eu-central-1.amazonaws.com/dlfuzz_79.png,https://tig-imagent-bucket.s3.eu-central-1.amazonaws.com/deepexplore_95.png,https://tig-imagent-bucket.s3.eu-central-1.amazonaws.com/sinvad_32.png,https://tig-imagent-bucket.s3.eu-central-1.amazonaws.com/deepexplore_57.png,https://tig-imagent-bucket.s3.eu-central-1.amazonaws.com/oxford_71.png,https://tig-imagent-bucket.s3.eu-central-1.amazonaws.com/dlfuzz_33.png
https://tig-imagent-bucket.s3.eu-central-1.amazonaws.com/deepexplore_69.png,https://tig-imagent-bucket.s3.eu-central-1.amazonaws.com/dlfuzz_72.png,https://tig-imagent-bucket.s3.eu-central-1.amazonaws.com/deepexplore_52.png,https://tig-imagent-bucket.s3.eu-central-1.amazonaws.com/dlfuzz_53.png,https://tig-imagent-bucket.s3.eu-central-1.amazonaws.com/dlfuzz_92.png,https://tig-imagent-bucket.s3.eu-central-1.amazonaws.com/deepexplore_90.png,https://tig-imagent-bucket.s3.eu-central-1.amazonaws.com/deepexplore_75.png,https://tig-imagent-bucket.s3.eu-central-1.amazonaws.com/deepexplore_4.png,https://tig-imagent-bucket.s3.eu-central-1.amazonaws.com/vr_0_e281_pNone.png,https://tig-imagent-bucket.s3.eu-central-1.amazonaws.com/sinvad_5.png,https://tig-imagent-bucket.s3.eu-central-1.amazonaws.com/deepexplore_55.png
https://tig-imagent-bucket.s3.eu-central-1.amazonaws.com/oxford_51.png,https://tig-imagent-bucket.s3.eu-central-1.amazonaws.com/oxford_33.png,https://tig-imagent-bucket.s3.eu-central-1.amazonaws.com/dlfuzz_52.png,https://tig-imagent-bucket.s3.eu-central-1.amazonaws.com/oxford_95.png,https://tig-imagent-bucket.s3.eu-central-1.amazonaws.com/sinvad_8.png,https://tig-imagent-bucket.s3.eu-central-1.amazonaws.com/oxford_21.png,https://tig-imagent-bucket.s3.eu-central-1.amazonaws.com/dlfuzz_68.png,https://tig-imagent-bucket.s3.eu-central-1.amazonaws.com/dlfuzz_8.png,https://tig-imagent-bucket.s3.eu-central-1.amazonaws.com/vr_0_e281_pNone.png,https://tig-imagent-bucket.s3.eu-central-1.amazonaws.com/deepexplore_65.png,https://tig-imagent-bucket.s3.eu-central-1.amazonaws.com/sinvad_61.png
https://tig-imagent-bucket.s3.eu-central-1.amazonaws.com/sinvad_37.png,https://tig-imagent-bucket.s3.eu-central-1.amazonaws.com/deepexplore_34.png,https://tig-imagent-bucket.s3.eu-central-1.amazonaws.com/oxford_5.png,https://tig-imagent-bucket.s3.eu-central-1.amazonaws.com/sinvad_97.png,https://tig-imagent-bucket.s3.eu-central-1.amazonaws.com/dlfuzz_41.png,https://tig-imagent-bucket.s3.eu-central-1.amazonaws.com/deepexplore_81.png,https://tig-imagent-bucket.s3.eu-central-1.amazonaws.com/sinvad_35.png,https://tig-imagent-bucket.s3.eu-central-1.amazonaws.com/dlfuzz_101.png,https://tig-imagent-bucket.s3.eu-central-1.amazonaws.com/deepexplore_27.png,https://tig-imagent-bucket.s3.eu-central-1.amazonaws.com/sinvad_50.png,https://tig-imagent-bucket.s3.eu-central-1.amazonaws.com/vr_0_e281_pNone.png
https://tig-imagent-bucket.s3.eu-central-1.amazonaws.com/sinvad_44.png,https://tig-imagent-bucket.s3.eu-central-1.amazonaws.com/dlfuzz_22.png,https://tig-imagent-bucket.s3.eu-central-1.amazonaws.com/deepexplore_14.png,https://tig-imagent-bucket.s3.eu-central-1.amazonaws.com/oxford_100.png,https://tig-imagent-bucket.s3.eu-central-1.amazonaws.com/sinvad_60.png,https://tig-imagent-bucket.s3.eu-central-1.amazonaws.com/vr_0_e281_pNone.png,https://tig-imagent-bucket.s3.eu-central-1.amazonaws.com/oxford_12.png,https://tig-imagent-bucket.s3.eu-central-1.amazonaws.com/sinvad_95.png,https://tig-imagent-bucket.s3.eu-central-1.amazonaws.com/oxford_39.png,https://tig-imagent-bucket.s3.eu-central-1.amazonaws.com/oxford_18.png,https://tig-imagent-bucket.s3.eu-central-1.amazonaws.com/deepexplore_29.png
https://tig-imagent-bucket.s3.eu-central-1.amazonaws.com/deepexplore_112.png,https://tig-imagent-bucket.s3.eu-central-1.amazonaws.com/vr_0_e281_pNone.png,https://tig-imagent-bucket.s3.eu-central-1.amazonaws.com/oxford_0.png,https://tig-imagent-bucket.s3.eu-central-1.amazonaws.com/deepexplore_88.png,https://tig-imagent-bucket.s3.eu-central-1.amazonaws.com/oxford_88.png,https://tig-imagent-bucket.s3.eu-central-1.amazonaws.com/sinvad_92.png,https://tig-imagent-bucket.s3.eu-central-1.amazonaws.com/dlfuzz_67.png,https://tig-imagent-bucket.s3.eu-central-1.amazonaws.com/sinvad_4.png,https://tig-imagent-bucket.s3.eu-central-1.amazonaws.com/sinvad_69.png,https://tig-imagent-bucket.s3.eu-central-1.amazonaws.com/deepexplore_82.png,https://tig-imagent-bucket.s3.eu-central-1.amazonaws.com/deepexplore_67.png
https://tig-imagent-bucket.s3.eu-central-1.amazonaws.com/deepexplore_1.png,https://tig-imagent-bucket.s3.eu-central-1.amazonaws.com/dlfuzz_55.png,https://tig-imagent-bucket.s3.eu-central-1.amazonaws.com/sinvad_38.png,https://tig-imagent-bucket.s3.eu-central-1.amazonaws.com/dlfuzz_74.png,https://tig-imagent-bucket.s3.eu-central-1.amazonaws.com/dlfuzz_85.png,https://tig-imagent-bucket.s3.eu-central-1.amazonaws.com/sinvad_58.png,https://tig-imagent-bucket.s3.eu-central-1.amazonaws.com/vr_0_e281_pNone.png,https://tig-imagent-bucket.s3.eu-central-1.amazonaws.com/oxford_9.png,https://tig-imagent-bucket.s3.eu-central-1.amazonaws.com/deepexplore_70.png,https://tig-imagent-bucket.s3.eu-central-1.amazonaws.com/deepexplore_79.png,https://tig-imagent-bucket.s3.eu-central-1.amazonaws.com/oxford_20.png
https://tig-imagent-bucket.s3.eu-central-1.amazonaws.com/dlfuzz_77.png,https://tig-imagent-bucket.s3.eu-central-1.amazonaws.com/dlfuzz_31.png,https://tig-imagent-bucket.s3.eu-central-1.amazonaws.com/oxford_11.png,https://tig-imagent-bucket.s3.eu-central-1.amazonaws.com/oxford_30.png,https://tig-imagent-bucket.s3.eu-central-1.amazonaws.com/vr_0_e281_pNone.png,https://tig-imagent-bucket.s3.eu-central-1.amazonaws.com/dlfuzz_56.png,https://tig-imagent-bucket.s3.eu-central-1.amazonaws.com/oxford_35.png,https://tig-imagent-bucket.s3.eu-central-1.amazonaws.com/sinvad_67.png,https://tig-imagent-bucket.s3.eu-central-1.amazonaws.com/sinvad_43.png,https://tig-imagent-bucket.s3.eu-central-1.amazonaws.com/sinvad_64.png,https://tig-imagent-bucket.s3.eu-central-1.amazonaws.com/dlfuzz_76.png
https://tig-imagent-bucket.s3.eu-central-1.amazonaws.com/sinvad_47.png,https://tig-imagent-bucket.s3.eu-central-1.amazonaws.com/dlfuzz_84.png,https://tig-imagent-bucket.s3.eu-central-1.amazonaws.com/deepexplore_63.png,https://tig-imagent-bucket.s3.eu-central-1.amazonaws.com/dlfuzz_96.png,https://tig-imagent-bucket.s3.eu-central-1.amazonaws.com/oxford_64.png,https://tig-imagent-bucket.s3.eu-central-1.amazonaws.com/dlfuzz_7.png,https://tig-imagent-bucket.s3.eu-central-1.amazonaws.com/oxford_63.png,https://tig-imagent-bucket.s3.eu-central-1.amazonaws.com/oxford_8.png,https://tig-imagent-bucket.s3.eu-central-1.amazonaws.com/oxford_84.png,https://tig-imagent-bucket.s3.eu-central-1.amazonaws.com/sinvad_55.png,https://tig-imagent-bucket.s3.eu-central-1.amazonaws.com/vr_0_e281_pNone.png
https://tig-imagent-bucket.s3.eu-central-1.amazonaws.com/sinvad_54.png,https://tig-imagent-bucket.s3.eu-central-1.amazonaws.com/deepexplore_44.png,https://tig-imagent-bucket.s3.eu-central-1.amazonaws.com/vr_0_e281_pNone.png,https://tig-imagent-bucket.s3.eu-central-1.amazonaws.com/sinvad_6.png,https://tig-imagent-bucket.s3.eu-central-1.amazonaws.com/oxford_65.png,https://tig-imagent-bucket.s3.eu-central-1.amazonaws.com/sinvad_39.png,https://tig-imagent-bucket.s3.eu-central-1.amazonaws.com/dlfuzz_98.png,https://tig-imagent-bucket.s3.eu-central-1.amazonaws.com/deepexplore_61.png,https://tig-imagent-bucket.s3.eu-central-1.amazonaws.com/sinvad_71.png,https://tig-imagent-bucket.s3.eu-central-1.amazonaws.com/dlfuzz_104.png,https://tig-imagent-bucket.s3.eu-central-1.amazonaws.com/oxford_53.png
https://tig-imagent-bucket.s3.eu-central-1.amazonaws.com/sinvad_9.png,https://tig-imagent-bucket.s3.eu-central-1.amazonaws.com/oxford_28.png,https://tig-imagent-bucket.s3.eu-central-1.amazonaws.com/vr_0_e281_pNone.png,https://tig-imagent-bucket.s3.eu-central-1.amazonaws.com/sinvad_59.png,https://tig-imagent-bucket.s3.eu-central-1.amazonaws.com/sinvad_66.png,https://tig-imagent-bucket.s3.eu-central-1.amazonaws.com/oxford_16.png,https://tig-imagent-bucket.s3.eu-central-1.amazonaws.com/dlfuzz_91.png,https://tig-imagent-bucket.s3.eu-central-1.amazonaws.com/sinvad_41.png,https://tig-imagent-bucket.s3.eu-central-1.amazonaws.com/oxford_77.png,https://tig-imagent-bucket.s3.eu-central-1.amazonaws.com/dlfuzz_21.png,https://tig-imagent-bucket.s3.eu-central-1.amazonaws.com/deepexplore_54.png
https://tig-imagent-bucket.s3.eu-central-1.amazonaws.com/oxford_56.png,https://tig-imagent-bucket.s3.eu-central-1.amazonaws.com/sinvad_7.png,https://tig-imagent-bucket.s3.eu-central-1.amazonaws.com/dlfuzz_60.png,https://tig-imagent-bucket.s3.eu-central-1.amazonaws.com/dlfuzz_17.png,https://tig-imagent-bucket.s3.eu-central-1.amazonaws.com/sinvad_77.png,https://tig-imagent-bucket.s3.eu-central-1.amazonaws.com/oxford_90.png,https://tig-imagent-bucket.s3.eu-central-1.amazonaws.com/oxford_96.png,https://tig-imagent-bucket.s3.eu-central-1.amazonaws.com/vr_0_e281_pNone.png,https://tig-imagent-bucket.s3.eu-central-1.amazonaws.com/deepexplore_53.png,https://tig-imagent-bucket.s3.eu-central-1.amazonaws.com/dlfuzz_13.png,https://tig-imagent-bucket.s3.eu-central-1.amazonaws.com/oxford_19.png
