image_url0,image_url1,image_url2,image_url3,image_url4,image_url5,image_url6,image_url7,image_url8,image_url9,image_url10
https://tig-imagenet-bucket1.s3.eu-central-1.amazonaws.com/41_INP_sv_e963_p928.png,https://tig-imagenet-bucket1.s3.eu-central-1.amazonaws.com/64_INP_ox_e963_p939.png,https://tig-imagenet-bucket1.s3.eu-central-1.amazonaws.com/30_INP_dx_e963_p964.png,https://tig-imagenet-bucket1.s3.eu-central-1.amazonaws.com/66_INP_ox_e963_p119.png,https://tig-imagenet-bucket1.s3.eu-central-1.amazonaws.com/22_INP_dx_e963_p962.png,https://tig-imagenet-bucket1.s3.eu-central-1.amazonaws.com/vr_0_e281_pNone.png,https://tig-imagenet-bucket1.s3.eu-central-1.amazonaws.com/101_INP_dlf_e963_p962.png,https://tig-imagenet-bucket1.s3.eu-central-1.amazonaws.com/25_INP_sv_e963_p492.png,https://tig-imagenet-bucket1.s3.eu-central-1.amazonaws.com/88_INP_ox_e963_p941.png,https://tig-imagenet-bucket1.s3.eu-central-1.amazonaws.com/118_INP_sv_e963_p509.png,https://tig-imagenet-bucket1.s3.eu-central-1.amazonaws.com/80_INP_sv_e963_p861.png
https://tig-imagenet-bucket1.s3.eu-central-1.amazonaws.com/45_INP_sv_e963_p117.png,https://tig-imagenet-bucket1.s3.eu-central-1.amazonaws.com/112_INP_dx_e963_p964.png,https://tig-imagenet-bucket1.s3.eu-central-1.amazonaws.com/29_INP_sv_e963_p738.png,https://tig-imagenet-bucket1.s3.eu-central-1.amazonaws.com/70_INP_ox_e963_p930.png,https://tig-imagenet-bucket1.s3.eu-central-1.amazonaws.com/113_INP_dlf_e963_p415.png,https://tig-imagenet-bucket1.s3.eu-central-1.amazonaws.com/0_INP_dlf_e963_p669.png,https://tig-imagenet-bucket1.s3.eu-central-1.amazonaws.com/26_INP_sv_e963_p927.png,https://tig-imagenet-bucket1.s3.eu-central-1.amazonaws.com/79_INP_dlf_e963_p611.png,https://tig-imagenet-bucket1.s3.eu-central-1.amazonaws.com/68_INP_sv_e963_p415.png,https://tig-imagenet-bucket1.s3.eu-central-1.amazonaws.com/vr_0_e281_pNone.png,https://tig-imagenet-bucket1.s3.eu-central-1.amazonaws.com/11_INP_dx_e963_p119.png
https://tig-imagenet-bucket1.s3.eu-central-1.amazonaws.com/108_INP_dlf_e963_p861.png,https://tig-imagenet-bucket1.s3.eu-central-1.amazonaws.com/80_INP_ox_e963_p959.png,https://tig-imagenet-bucket1.s3.eu-central-1.amazonaws.com/87_INP_sv_e963_p857.png,https://tig-imagenet-bucket1.s3.eu-central-1.amazonaws.com/81_INP_dx_e963_p415.png,https://tig-imagenet-bucket1.s3.eu-central-1.amazonaws.com/55_INP_dlf_e963_p987.png,https://tig-imagenet-bucket1.s3.eu-central-1.amazonaws.com/28_INP_dx_e963_p928.png,https://tig-imagenet-bucket1.s3.eu-central-1.amazonaws.com/82_INP_dx_e963_p964.png,https://tig-imagenet-bucket1.s3.eu-central-1.amazonaws.com/89_INP_sv_e963_p945.png,https://tig-imagenet-bucket1.s3.eu-central-1.amazonaws.com/72_INP_ox_e963_p962.png,https://tig-imagenet-bucket1.s3.eu-central-1.amazonaws.com/vr_0_e281_pNone.png,https://tig-imagenet-bucket1.s3.eu-central-1.amazonaws.com/73_INP_ox_e963_p741.png
https://tig-imagenet-bucket1.s3.eu-central-1.amazonaws.com/38_INP_dx_e963_p567.png,https://tig-imagenet-bucket1.s3.eu-central-1.amazonaws.com/114_INP_ox_e963_p931.png,https://tig-imagenet-bucket1.s3.eu-central-1.amazonaws.com/59_INP_sv_e963_p562.png,https://tig-imagenet-bucket1.s3.eu-central-1.amazonaws.com/49_INP_sv_e963_p611.png,https://tig-imagenet-bucket1.s3.eu-central-1.amazonaws.com/16_INP_dx_e963_p509.png,https://tig-imagenet-bucket1.s3.eu-central-1.amazonaws.com/vr_0_e281_pNone.png,https://tig-imagenet-bucket1.s3.eu-central-1.amazonaws.com/13_INP_dx_e963_p964.png,https://tig-imagenet-bucket1.s3.eu-central-1.amazonaws.com/26_INP_dx_e963_p509.png,https://tig-imagenet-bucket1.s3.eu-central-1.amazonaws.com/57_INP_ox_e963_p965.png,https://tig-imagenet-bucket1.s3.eu-central-1.amazonaws.com/92_INP_dlf_e963_p669.png,https://tig-imagenet-bucket1.s3.eu-central-1.amazonaws.com/66_INP_dx_e963_p931.png
https://tig-imagenet-bucket1.s3.eu-central-1.amazonaws.com/36_INP_dx_e963_p934.png,https://tig-imagenet-bucket1.s3.eu-central-1.amazonaws.com/0_INP_ox_e963_p567.png,https://tig-imagenet-bucket1.s3.eu-central-1.amazonaws.com/28_INP_dlf_e963_p868.png,https://tig-imagenet-bucket1.s3.eu-central-1.amazonaws.com/42_INP_ox_e963_p957.png,https://tig-imagenet-bucket1.s3.eu-central-1.amazonaws.com/95_INP_sv_e963_p965.png,https://tig-imagenet-bucket1.s3.eu-central-1.amazonaws.com/74_INP_dlf_e963_p964.png,https://tig-imagenet-bucket1.s3.eu-central-1.amazonaws.com/81_INP_sv_e963_p938.png,https://tig-imagenet-bucket1.s3.eu-central-1.amazonaws.com/vr_0_e281_pNone.png,https://tig-imagenet-bucket1.s3.eu-central-1.amazonaws.com/40_INP_dx_e963_p762.png,https://tig-imagenet-bucket1.s3.eu-central-1.amazonaws.com/99_INP_dlf_e963_p467.png,https://tig-imagenet-bucket1.s3.eu-central-1.amazonaws.com/33_INP_dlf_e963_p964.png
https://tig-imagenet-bucket1.s3.eu-central-1.amazonaws.com/104_INP_dlf_e963_p861.png,https://tig-imagenet-bucket1.s3.eu-central-1.amazonaws.com/116_INP_sv_e963_p927.png,https://tig-imagenet-bucket1.s3.eu-central-1.amazonaws.com/0_INP_sv_e963_p599.png,https://tig-imagenet-bucket1.s3.eu-central-1.amazonaws.com/0_INP_dx_e963_p766.png,https://tig-imagenet-bucket1.s3.eu-central-1.amazonaws.com/2_INP_sv_e963_p837.png,https://tig-imagenet-bucket1.s3.eu-central-1.amazonaws.com/14_INP_sv_e963_p611.png,https://tig-imagenet-bucket1.s3.eu-central-1.amazonaws.com/110_INP_dlf_e963_p859.png,https://tig-imagenet-bucket1.s3.eu-central-1.amazonaws.com/93_INP_sv_e963_p927.png,https://tig-imagenet-bucket1.s3.eu-central-1.amazonaws.com/22_INP_sv_e963_p931.png,https://tig-imagenet-bucket1.s3.eu-central-1.amazonaws.com/vr_0_e281_pNone.png,https://tig-imagenet-bucket1.s3.eu-central-1.amazonaws.com/14_INP_dx_e963_p964.png
https://tig-imagenet-bucket1.s3.eu-central-1.amazonaws.com/5_INP_dx_e963_p964.png,https://tig-imagenet-bucket1.s3.eu-central-1.amazonaws.com/100_INP_dlf_e963_p415.png,https://tig-imagenet-bucket1.s3.eu-central-1.amazonaws.com/62_INP_ox_e963_p930.png,https://tig-imagenet-bucket1.s3.eu-central-1.amazonaws.com/31_INP_ox_e963_p965.png,https://tig-imagenet-bucket1.s3.eu-central-1.amazonaws.com/95_INP_dx_e963_p961.png,https://tig-imagenet-bucket1.s3.eu-central-1.amazonaws.com/91_INP_sv_e963_p709.png,https://tig-imagenet-bucket1.s3.eu-central-1.amazonaws.com/vr_0_e281_pNone.png,https://tig-imagenet-bucket1.s3.eu-central-1.amazonaws.com/61_INP_dx_e963_p499.png,https://tig-imagenet-bucket1.s3.eu-central-1.amazonaws.com/67_INP_sv_e963_p996.png,https://tig-imagenet-bucket1.s3.eu-central-1.amazonaws.com/71_INP_dlf_e963_p112.png,https://tig-imagenet-bucket1.s3.eu-central-1.amazonaws.com/1_INP_dx_e963_p940.png
https://tig-imagenet-bucket1.s3.eu-central-1.amazonaws.com/88_INP_dlf_e963_p452.png,https://tig-imagenet-bucket1.s3.eu-central-1.amazonaws.com/63_INP_dx_e963_p924.png,https://tig-imagenet-bucket1.s3.eu-central-1.amazonaws.com/91_INP_ox_e963_p962.png,https://tig-imagenet-bucket1.s3.eu-central-1.amazonaws.com/114_INP_dx_e963_p962.png,https://tig-imagenet-bucket1.s3.eu-central-1.amazonaws.com/75_INP_ox_e963_p939.png,https://tig-imagenet-bucket1.s3.eu-central-1.amazonaws.com/71_INP_dx_e963_p611.png,https://tig-imagenet-bucket1.s3.eu-central-1.amazonaws.com/20_INP_sv_e963_p883.png,https://tig-imagenet-bucket1.s3.eu-central-1.amazonaws.com/54_INP_sv_e963_p443.png,https://tig-imagenet-bucket1.s3.eu-central-1.amazonaws.com/67_INP_ox_e963_p941.png,https://tig-imagenet-bucket1.s3.eu-central-1.amazonaws.com/46_INP_ox_e963_p931.png,https://tig-imagenet-bucket1.s3.eu-central-1.amazonaws.com/vr_0_e281_pNone.png
https://tig-imagenet-bucket1.s3.eu-central-1.amazonaws.com/118_INP_dx_e963_p941.png,https://tig-imagenet-bucket1.s3.eu-central-1.amazonaws.com/7_INP_ox_e963_p960.png,https://tig-imagenet-bucket1.s3.eu-central-1.amazonaws.com/106_INP_ox_e963_p923.png,https://tig-imagenet-bucket1.s3.eu-central-1.amazonaws.com/36_INP_dlf_e963_p891.png,https://tig-imagenet-bucket1.s3.eu-central-1.amazonaws.com/vr_0_e281_pNone.png,https://tig-imagenet-bucket1.s3.eu-central-1.amazonaws.com/105_INP_dlf_e963_p922.png,https://tig-imagenet-bucket1.s3.eu-central-1.amazonaws.com/15_INP_sv_e963_p651.png,https://tig-imagenet-bucket1.s3.eu-central-1.amazonaws.com/40_INP_ox_e963_p762.png,https://tig-imagenet-bucket1.s3.eu-central-1.amazonaws.com/52_INP_dx_e963_p928.png,https://tig-imagenet-bucket1.s3.eu-central-1.amazonaws.com/49_INP_ox_e963_p959.png,https://tig-imagenet-bucket1.s3.eu-central-1.amazonaws.com/48_INP_dlf_e963_p787.png
https://tig-imagenet-bucket1.s3.eu-central-1.amazonaws.com/71_INP_sv_e963_p935.png,https://tig-imagenet-bucket1.s3.eu-central-1.amazonaws.com/61_INP_dlf_e963_p964.png,https://tig-imagenet-bucket1.s3.eu-central-1.amazonaws.com/64_INP_dx_e963_p599.png,https://tig-imagenet-bucket1.s3.eu-central-1.amazonaws.com/29_INP_ox_e963_p930.png,https://tig-imagenet-bucket1.s3.eu-central-1.amazonaws.com/24_INP_dlf_e963_p112.png,https://tig-imagenet-bucket1.s3.eu-central-1.amazonaws.com/10_INP_dlf_e963_p611.png,https://tig-imagenet-bucket1.s3.eu-central-1.amazonaws.com/118_INP_ox_e963_p941.png,https://tig-imagenet-bucket1.s3.eu-central-1.amazonaws.com/74_INP_dx_e963_p964.png,https://tig-imagenet-bucket1.s3.eu-central-1.amazonaws.com/78_INP_dx_e963_p415.png,https://tig-imagenet-bucket1.s3.eu-central-1.amazonaws.com/vr_0_e281_pNone.png,https://tig-imagenet-bucket1.s3.eu-central-1.amazonaws.com/2_INP_dlf_e963_p452.png
https://tig-imagenet-bucket1.s3.eu-central-1.amazonaws.com/82_INP_sv_e963_p965.png,https://tig-imagenet-bucket1.s3.eu-central-1.amazonaws.com/73_INP_sv_e963_p962.png,https://tig-imagenet-bucket1.s3.eu-central-1.amazonaws.com/24_INP_dx_e963_p980.png,https://tig-imagenet-bucket1.s3.eu-central-1.amazonaws.com/25_INP_ox_e963_p813.png,https://tig-imagenet-bucket1.s3.eu-central-1.amazonaws.com/116_INP_dlf_e963_p467.png,https://tig-imagenet-bucket1.s3.eu-central-1.amazonaws.com/vr_0_e281_pNone.png,https://tig-imagenet-bucket1.s3.eu-central-1.amazonaws.com/105_INP_sv_e963_p499.png,https://tig-imagenet-bucket1.s3.eu-central-1.amazonaws.com/46_INP_dx_e963_p599.png,https://tig-imagenet-bucket1.s3.eu-central-1.amazonaws.com/32_INP_sv_e963_p923.png,https://tig-imagenet-bucket1.s3.eu-central-1.amazonaws.com/102_INP_ox_e963_p567.png,https://tig-imagenet-bucket1.s3.eu-central-1.amazonaws.com/100_INP_dx_e963_p766.png
https://tig-imagenet-bucket1.s3.eu-central-1.amazonaws.com/42_INP_dlf_e963_p861.png,https://tig-imagenet-bucket1.s3.eu-central-1.amazonaws.com/93_INP_ox_e963_p930.png,https://tig-imagenet-bucket1.s3.eu-central-1.amazonaws.com/45_INP_dlf_e963_p933.png,https://tig-imagenet-bucket1.s3.eu-central-1.amazonaws.com/14_INP_dlf_e963_p861.png,https://tig-imagenet-bucket1.s3.eu-central-1.amazonaws.com/32_INP_ox_e963_p930.png,https://tig-imagenet-bucket1.s3.eu-central-1.amazonaws.com/8_INP_dlf_e963_p987.png,https://tig-imagenet-bucket1.s3.eu-central-1.amazonaws.com/27_INP_sv_e963_p931.png,https://tig-imagenet-bucket1.s3.eu-central-1.amazonaws.com/vr_0_e281_pNone.png,https://tig-imagenet-bucket1.s3.eu-central-1.amazonaws.com/18_INP_dlf_e963_p452.png,https://tig-imagenet-bucket1.s3.eu-central-1.amazonaws.com/93_INP_dlf_e963_p964.png,https://tig-imagenet-bucket1.s3.eu-central-1.amazonaws.com/75_INP_dlf_e963_p112.png
https://tig-imagenet-bucket1.s3.eu-central-1.amazonaws.com/66_INP_dlf_e963_p868.png,https://tig-imagenet-bucket1.s3.eu-central-1.amazonaws.com/104_INP_dx_e963_p926.png,https://tig-imagenet-bucket1.s3.eu-central-1.amazonaws.com/87_INP_dlf_e963_p452.png,https://tig-imagenet-bucket1.s3.eu-central-1.amazonaws.com/104_INP_ox_e963_p567.png,https://tig-imagenet-bucket1.s3.eu-central-1.amazonaws.com/vr_0_e281_pNone.png,https://tig-imagenet-bucket1.s3.eu-central-1.amazonaws.com/112_INP_dlf_e963_p861.png,https://tig-imagenet-bucket1.s3.eu-central-1.amazonaws.com/50_INP_ox_e963_p809.png,https://tig-imagenet-bucket1.s3.eu-central-1.amazonaws.com/75_INP_sv_e963_p962.png,https://tig-imagenet-bucket1.s3.eu-central-1.amazonaws.com/92_INP_ox_e963_p941.png,https://tig-imagenet-bucket1.s3.eu-central-1.amazonaws.com/54_INP_dx_e963_p964.png,https://tig-imagenet-bucket1.s3.eu-central-1.amazonaws.com/12_INP_dx_e963_p509.png
https://tig-imagenet-bucket1.s3.eu-central-1.amazonaws.com/60_INP_dx_e963_p934.png,https://tig-imagenet-bucket1.s3.eu-central-1.amazonaws.com/40_INP_dlf_e963_p861.png,https://tig-imagenet-bucket1.s3.eu-central-1.amazonaws.com/41_INP_ox_e963_p932.png,https://tig-imagenet-bucket1.s3.eu-central-1.amazonaws.com/12_INP_sv_e963_p960.png,https://tig-imagenet-bucket1.s3.eu-central-1.amazonaws.com/21_INP_sv_e963_p960.png,https://tig-imagenet-bucket1.s3.eu-central-1.amazonaws.com/vr_0_e281_pNone.png,https://tig-imagenet-bucket1.s3.eu-central-1.amazonaws.com/8_INP_dx_e963_p941.png,https://tig-imagenet-bucket1.s3.eu-central-1.amazonaws.com/65_INP_dx_e963_p766.png,https://tig-imagenet-bucket1.s3.eu-central-1.amazonaws.com/118_INP_dlf_e963_p509.png,https://tig-imagenet-bucket1.s3.eu-central-1.amazonaws.com/31_INP_sv_e963_p443.png,https://tig-imagenet-bucket1.s3.eu-central-1.amazonaws.com/8_INP_sv_e963_p461.png
https://tig-imagenet-bucket1.s3.eu-central-1.amazonaws.com/12_INP_dlf_e963_p861.png,https://tig-imagenet-bucket1.s3.eu-central-1.amazonaws.com/7_INP_dlf_e963_p809.png,https://tig-imagenet-bucket1.s3.eu-central-1.amazonaws.com/102_INP_dlf_e963_p415.png,https://tig-imagenet-bucket1.s3.eu-central-1.amazonaws.com/55_INP_sv_e963_p959.png,https://tig-imagenet-bucket1.s3.eu-central-1.amazonaws.com/67_INP_dx_e963_p509.png,https://tig-imagenet-bucket1.s3.eu-central-1.amazonaws.com/84_INP_dx_e963_p964.png,https://tig-imagenet-bucket1.s3.eu-central-1.amazonaws.com/vr_0_e281_pNone.png,https://tig-imagenet-bucket1.s3.eu-central-1.amazonaws.com/77_INP_ox_e963_p959.png,https://tig-imagenet-bucket1.s3.eu-central-1.amazonaws.com/35_INP_dx_e963_p964.png,https://tig-imagenet-bucket1.s3.eu-central-1.amazonaws.com/113_INP_sv_e963_p960.png,https://tig-imagenet-bucket1.s3.eu-central-1.amazonaws.com/115_INP_dlf_e963_p861.png
https://tig-imagenet-bucket1.s3.eu-central-1.amazonaws.com/vr_0_e281_pNone.png,https://tig-imagenet-bucket1.s3.eu-central-1.amazonaws.com/44_INP_ox_e963_p930.png,https://tig-imagenet-bucket1.s3.eu-central-1.amazonaws.com/11_INP_ox_e963_p809.png,https://tig-imagenet-bucket1.s3.eu-central-1.amazonaws.com/3_INP_dlf_e963_p854.png,https://tig-imagenet-bucket1.s3.eu-central-1.amazonaws.com/79_INP_sv_e963_p934.png,https://tig-imagenet-bucket1.s3.eu-central-1.amazonaws.com/98_INP_dlf_e963_p868.png,https://tig-imagenet-bucket1.s3.eu-central-1.amazonaws.com/107_INP_ox_e963_p930.png,https://tig-imagenet-bucket1.s3.eu-central-1.amazonaws.com/42_INP_dx_e963_p509.png,https://tig-imagenet-bucket1.s3.eu-central-1.amazonaws.com/72_INP_dlf_e963_p964.png,https://tig-imagenet-bucket1.s3.eu-central-1.amazonaws.com/97_INP_dx_e963_p509.png,https://tig-imagenet-bucket1.s3.eu-central-1.amazonaws.com/44_INP_dx_e963_p861.png
https://tig-imagenet-bucket1.s3.eu-central-1.amazonaws.com/77_INP_dx_e963_p868.png,https://tig-imagenet-bucket1.s3.eu-central-1.amazonaws.com/77_INP_dlf_e963_p854.png,https://tig-imagenet-bucket1.s3.eu-central-1.amazonaws.com/91_INP_dx_e963_p861.png,https://tig-imagenet-bucket1.s3.eu-central-1.amazonaws.com/vr_0_e281_pNone.png,https://tig-imagenet-bucket1.s3.eu-central-1.amazonaws.com/79_INP_dx_e963_p599.png,https://tig-imagenet-bucket1.s3.eu-central-1.amazonaws.com/17_INP_sv_e963_p960.png,https://tig-imagenet-bucket1.s3.eu-central-1.amazonaws.com/70_INP_dlf_e963_p112.png,https://tig-imagenet-bucket1.s3.eu-central-1.amazonaws.com/19_INP_dlf_e963_p891.png,https://tig-imagenet-bucket1.s3.eu-central-1.amazonaws.com/119_INP_dx_e963_p499.png,https://tig-imagenet-bucket1.s3.eu-central-1.amazonaws.com/63_INP_dlf_e963_p868.png,https://tig-imagenet-bucket1.s3.eu-central-1.amazonaws.com/91_INP_dlf_e963_p933.png
https://tig-imagenet-bucket1.s3.eu-central-1.amazonaws.com/119_INP_sv_e963_p930.png,https://tig-imagenet-bucket1.s3.eu-central-1.amazonaws.com/5_INP_sv_e963_p415.png,https://tig-imagenet-bucket1.s3.eu-central-1.amazonaws.com/109_INP_ox_e963_p959.png,https://tig-imagenet-bucket1.s3.eu-central-1.amazonaws.com/vr_0_e281_pNone.png,https://tig-imagenet-bucket1.s3.eu-central-1.amazonaws.com/17_INP_dlf_e963_p828.png,https://tig-imagenet-bucket1.s3.eu-central-1.amazonaws.com/18_INP_sv_e963_p964.png,https://tig-imagenet-bucket1.s3.eu-central-1.amazonaws.com/95_INP_ox_e963_p930.png,https://tig-imagenet-bucket1.s3.eu-central-1.amazonaws.com/55_INP_ox_e963_p941.png,https://tig-imagenet-bucket1.s3.eu-central-1.amazonaws.com/94_INP_ox_e963_p934.png,https://tig-imagenet-bucket1.s3.eu-central-1.amazonaws.com/81_INP_dlf_e963_p669.png,https://tig-imagenet-bucket1.s3.eu-central-1.amazonaws.com/23_INP_dlf_e963_p861.png
https://tig-imagenet-bucket1.s3.eu-central-1.amazonaws.com/47_INP_ox_e963_p940.png,https://tig-imagenet-bucket1.s3.eu-central-1.amazonaws.com/vr_0_e281_pNone.png,https://tig-imagenet-bucket1.s3.eu-central-1.amazonaws.com/51_INP_dx_e963_p931.png,https://tig-imagenet-bucket1.s3.eu-central-1.amazonaws.com/103_INP_dx_e963_p509.png,https://tig-imagenet-bucket1.s3.eu-central-1.amazonaws.com/18_INP_dx_e963_p861.png,https://tig-imagenet-bucket1.s3.eu-central-1.amazonaws.com/43_INP_sv_e963_p957.png,https://tig-imagenet-bucket1.s3.eu-central-1.amazonaws.com/70_INP_sv_e963_p891.png,https://tig-imagenet-bucket1.s3.eu-central-1.amazonaws.com/25_INP_dx_e963_p766.png,https://tig-imagenet-bucket1.s3.eu-central-1.amazonaws.com/1_INP_ox_e963_p959.png,https://tig-imagenet-bucket1.s3.eu-central-1.amazonaws.com/42_INP_sv_e963_p423.png,https://tig-imagenet-bucket1.s3.eu-central-1.amazonaws.com/85_INP_sv_e963_p858.png
https://tig-imagenet-bucket1.s3.eu-central-1.amazonaws.com/vr_0_e281_pNone.png,https://tig-imagenet-bucket1.s3.eu-central-1.amazonaws.com/8_INP_ox_e963_p415.png,https://tig-imagenet-bucket1.s3.eu-central-1.amazonaws.com/111_INP_dx_e963_p940.png,https://tig-imagenet-bucket1.s3.eu-central-1.amazonaws.com/6_INP_sv_e963_p496.png,https://tig-imagenet-bucket1.s3.eu-central-1.amazonaws.com/32_INP_dx_e963_p964.png,https://tig-imagenet-bucket1.s3.eu-central-1.amazonaws.com/26_INP_ox_e963_p932.png,https://tig-imagenet-bucket1.s3.eu-central-1.amazonaws.com/77_INP_sv_e963_p891.png,https://tig-imagenet-bucket1.s3.eu-central-1.amazonaws.com/48_INP_sv_e963_p415.png,https://tig-imagenet-bucket1.s3.eu-central-1.amazonaws.com/92_INP_sv_e963_p415.png,https://tig-imagenet-bucket1.s3.eu-central-1.amazonaws.com/60_INP_ox_e963_p941.png,https://tig-imagenet-bucket1.s3.eu-central-1.amazonaws.com/15_INP_dx_e963_p109.png
https://tig-imagenet-bucket1.s3.eu-central-1.amazonaws.com/104_INP_sv_e963_p643.png,https://tig-imagenet-bucket1.s3.eu-central-1.amazonaws.com/vr_0_e281_pNone.png,https://tig-imagenet-bucket1.s3.eu-central-1.amazonaws.com/10_INP_dx_e963_p567.png,https://tig-imagenet-bucket1.s3.eu-central-1.amazonaws.com/47_INP_sv_e963_p934.png,https://tig-imagenet-bucket1.s3.eu-central-1.amazonaws.com/116_INP_ox_e963_p959.png,https://tig-imagenet-bucket1.s3.eu-central-1.amazonaws.com/14_INP_ox_e963_p962.png,https://tig-imagenet-bucket1.s3.eu-central-1.amazonaws.com/33_INP_dx_e963_p931.png,https://tig-imagenet-bucket1.s3.eu-central-1.amazonaws.com/27_INP_dx_e963_p964.png,https://tig-imagenet-bucket1.s3.eu-central-1.amazonaws.com/4_INP_dx_e963_p962.png,https://tig-imagenet-bucket1.s3.eu-central-1.amazonaws.com/31_INP_dx_e963_p965.png,https://tig-imagenet-bucket1.s3.eu-central-1.amazonaws.com/53_INP_dlf_e963_p933.png
https://tig-imagenet-bucket1.s3.eu-central-1.amazonaws.com/vr_0_e281_pNone.png,https://tig-imagenet-bucket1.s3.eu-central-1.amazonaws.com/51_INP_dlf_e963_p868.png,https://tig-imagenet-bucket1.s3.eu-central-1.amazonaws.com/71_INP_ox_e963_p941.png,https://tig-imagenet-bucket1.s3.eu-central-1.amazonaws.com/6_INP_dlf_e963_p599.png,https://tig-imagenet-bucket1.s3.eu-central-1.amazonaws.com/96_INP_dx_e963_p109.png,https://tig-imagenet-bucket1.s3.eu-central-1.amazonaws.com/80_INP_dx_e963_p964.png,https://tig-imagenet-bucket1.s3.eu-central-1.amazonaws.com/58_INP_ox_e963_p964.png,https://tig-imagenet-bucket1.s3.eu-central-1.amazonaws.com/16_INP_dlf_e963_p861.png,https://tig-imagenet-bucket1.s3.eu-central-1.amazonaws.com/58_INP_sv_e963_p917.png,https://tig-imagenet-bucket1.s3.eu-central-1.amazonaws.com/117_INP_sv_e963_p927.png,https://tig-imagenet-bucket1.s3.eu-central-1.amazonaws.com/114_INP_sv_e963_p927.png
https://tig-imagenet-bucket1.s3.eu-central-1.amazonaws.com/13_INP_ox_e963_p809.png,https://tig-imagenet-bucket1.s3.eu-central-1.amazonaws.com/92_INP_dx_e963_p934.png,https://tig-imagenet-bucket1.s3.eu-central-1.amazonaws.com/66_INP_sv_e963_p415.png,https://tig-imagenet-bucket1.s3.eu-central-1.amazonaws.com/79_INP_ox_e963_p567.png,https://tig-imagenet-bucket1.s3.eu-central-1.amazonaws.com/46_INP_sv_e963_p934.png,https://tig-imagenet-bucket1.s3.eu-central-1.amazonaws.com/3_INP_sv_e963_p415.png,https://tig-imagenet-bucket1.s3.eu-central-1.amazonaws.com/30_INP_sv_e963_p932.png,https://tig-imagenet-bucket1.s3.eu-central-1.amazonaws.com/28_INP_sv_e963_p962.png,https://tig-imagenet-bucket1.s3.eu-central-1.amazonaws.com/vr_0_e281_pNone.png,https://tig-imagenet-bucket1.s3.eu-central-1.amazonaws.com/32_INP_dlf_e963_p927.png,https://tig-imagenet-bucket1.s3.eu-central-1.amazonaws.com/110_INP_dx_e963_p567.png
https://tig-imagenet-bucket1.s3.eu-central-1.amazonaws.com/68_INP_ox_e963_p930.png,https://tig-imagenet-bucket1.s3.eu-central-1.amazonaws.com/73_INP_dlf_e963_p868.png,https://tig-imagenet-bucket1.s3.eu-central-1.amazonaws.com/23_INP_dx_e963_p567.png,https://tig-imagenet-bucket1.s3.eu-central-1.amazonaws.com/45_INP_dx_e963_p891.png,https://tig-imagenet-bucket1.s3.eu-central-1.amazonaws.com/7_INP_sv_e963_p809.png,https://tig-imagenet-bucket1.s3.eu-central-1.amazonaws.com/107_INP_sv_e963_p835.png,https://tig-imagenet-bucket1.s3.eu-central-1.amazonaws.com/vr_0_e281_pNone.png,https://tig-imagenet-bucket1.s3.eu-central-1.amazonaws.com/57_INP_dlf_e963_p809.png,https://tig-imagenet-bucket1.s3.eu-central-1.amazonaws.com/39_INP_dx_e963_p5.png,https://tig-imagenet-bucket1.s3.eu-central-1.amazonaws.com/36_INP_sv_e963_p415.png,https://tig-imagenet-bucket1.s3.eu-central-1.amazonaws.com/119_INP_ox_e963_p959.png
https://tig-imagenet-bucket1.s3.eu-central-1.amazonaws.com/34_INP_ox_e963_p930.png,https://tig-imagenet-bucket1.s3.eu-central-1.amazonaws.com/37_INP_ox_e963_p930.png,https://tig-imagenet-bucket1.s3.eu-central-1.amazonaws.com/1_INP_sv_e963_p549.png,https://tig-imagenet-bucket1.s3.eu-central-1.amazonaws.com/58_INP_dx_e963_p941.png,https://tig-imagenet-bucket1.s3.eu-central-1.amazonaws.com/117_INP_dx_e963_p964.png,https://tig-imagenet-bucket1.s3.eu-central-1.amazonaws.com/69_INP_sv_e963_p941.png,https://tig-imagenet-bucket1.s3.eu-central-1.amazonaws.com/vr_0_e281_pNone.png,https://tig-imagenet-bucket1.s3.eu-central-1.amazonaws.com/35_INP_ox_e963_p939.png,https://tig-imagenet-bucket1.s3.eu-central-1.amazonaws.com/78_INP_dlf_e963_p861.png,https://tig-imagenet-bucket1.s3.eu-central-1.amazonaws.com/72_INP_sv_e963_p692.png,https://tig-imagenet-bucket1.s3.eu-central-1.amazonaws.com/108_INP_dx_e963_p964.png
https://tig-imagenet-bucket1.s3.eu-central-1.amazonaws.com/9_INP_ox_e963_p941.png,https://tig-imagenet-bucket1.s3.eu-central-1.amazonaws.com/17_INP_ox_e963_p923.png,https://tig-imagenet-bucket1.s3.eu-central-1.amazonaws.com/10_INP_ox_e963_p930.png,https://tig-imagenet-bucket1.s3.eu-central-1.amazonaws.com/vr_0_e281_pNone.png,https://tig-imagenet-bucket1.s3.eu-central-1.amazonaws.com/97_INP_dlf_e963_p922.png,https://tig-imagenet-bucket1.s3.eu-central-1.amazonaws.com/73_INP_dx_e963_p861.png,https://tig-imagenet-bucket1.s3.eu-central-1.amazonaws.com/94_INP_dlf_e963_p927.png,https://tig-imagenet-bucket1.s3.eu-central-1.amazonaws.com/109_INP_dx_e963_p927.png,https://tig-imagenet-bucket1.s3.eu-central-1.amazonaws.com/88_INP_sv_e963_p496.png,https://tig-imagenet-bucket1.s3.eu-central-1.amazonaws.com/23_INP_sv_e963_p928.png,https://tig-imagenet-bucket1.s3.eu-central-1.amazonaws.com/115_INP_sv_e963_p549.png
https://tig-imagenet-bucket1.s3.eu-central-1.amazonaws.com/78_INP_sv_e963_p443.png,https://tig-imagenet-bucket1.s3.eu-central-1.amazonaws.com/13_INP_dlf_e963_p964.png,https://tig-imagenet-bucket1.s3.eu-central-1.amazonaws.com/58_INP_dlf_e963_p868.png,https://tig-imagenet-bucket1.s3.eu-central-1.amazonaws.com/vr_0_e281_pNone.png,https://tig-imagenet-bucket1.s3.eu-central-1.amazonaws.com/93_INP_dx_e963_p116.png,https://tig-imagenet-bucket1.s3.eu-central-1.amazonaws.com/85_INP_dx_e963_p116.png,https://tig-imagenet-bucket1.s3.eu-central-1.amazonaws.com/83_INP_dx_e963_p964.png,https://tig-imagenet-bucket1.s3.eu-central-1.amazonaws.com/114_INP_dlf_e963_p962.png,https://tig-imagenet-bucket1.s3.eu-central-1.amazonaws.com/108_INP_sv_e963_p539.png,https://tig-imagenet-bucket1.s3.eu-central-1.amazonaws.com/43_INP_ox_e963_p930.png,https://tig-imagenet-bucket1.s3.eu-central-1.amazonaws.com/76_INP_sv_e963_p909.png
https://tig-imagenet-bucket1.s3.eu-central-1.amazonaws.com/87_INP_ox_e963_p931.png,https://tig-imagenet-bucket1.s3.eu-central-1.amazonaws.com/vr_0_e281_pNone.png,https://tig-imagenet-bucket1.s3.eu-central-1.amazonaws.com/19_INP_sv_e963_p300.png,https://tig-imagenet-bucket1.s3.eu-central-1.amazonaws.com/16_INP_ox_e963_p932.png,https://tig-imagenet-bucket1.s3.eu-central-1.amazonaws.com/115_INP_ox_e963_p567.png,https://tig-imagenet-bucket1.s3.eu-central-1.amazonaws.com/103_INP_sv_e963_p960.png,https://tig-imagenet-bucket1.s3.eu-central-1.amazonaws.com/33_INP_sv_e963_p959.png,https://tig-imagenet-bucket1.s3.eu-central-1.amazonaws.com/64_INP_dlf_e963_p415.png,https://tig-imagenet-bucket1.s3.eu-central-1.amazonaws.com/21_INP_dlf_e963_p861.png,https://tig-imagenet-bucket1.s3.eu-central-1.amazonaws.com/84_INP_ox_e963_p959.png,https://tig-imagenet-bucket1.s3.eu-central-1.amazonaws.com/69_INP_ox_e963_p567.png
https://tig-imagenet-bucket1.s3.eu-central-1.amazonaws.com/113_INP_ox_e963_p567.png,https://tig-imagenet-bucket1.s3.eu-central-1.amazonaws.com/36_INP_ox_e963_p965.png,https://tig-imagenet-bucket1.s3.eu-central-1.amazonaws.com/98_INP_dx_e963_p961.png,https://tig-imagenet-bucket1.s3.eu-central-1.amazonaws.com/27_INP_dlf_e963_p532.png,https://tig-imagenet-bucket1.s3.eu-central-1.amazonaws.com/50_INP_dx_e963_p964.png,https://tig-imagenet-bucket1.s3.eu-central-1.amazonaws.com/vr_0_e281_pNone.png,https://tig-imagenet-bucket1.s3.eu-central-1.amazonaws.com/112_INP_sv_e963_p611.png,https://tig-imagenet-bucket1.s3.eu-central-1.amazonaws.com/111_INP_sv_e963_p415.png,https://tig-imagenet-bucket1.s3.eu-central-1.amazonaws.com/6_INP_dx_e963_p965.png,https://tig-imagenet-bucket1.s3.eu-central-1.amazonaws.com/60_INP_sv_e963_p962.png,https://tig-imagenet-bucket1.s3.eu-central-1.amazonaws.com/33_INP_ox_e963_p941.png
https://tig-imagenet-bucket1.s3.eu-central-1.amazonaws.com/64_INP_sv_e963_p964.png,https://tig-imagenet-bucket1.s3.eu-central-1.amazonaws.com/62_INP_dx_e963_p567.png,https://tig-imagenet-bucket1.s3.eu-central-1.amazonaws.com/vr_0_e281_pNone.png,https://tig-imagenet-bucket1.s3.eu-central-1.amazonaws.com/65_INP_ox_e963_p932.png,https://tig-imagenet-bucket1.s3.eu-central-1.amazonaws.com/112_INP_ox_e963_p567.png,https://tig-imagenet-bucket1.s3.eu-central-1.amazonaws.com/60_INP_dlf_e963_p611.png,https://tig-imagenet-bucket1.s3.eu-central-1.amazonaws.com/24_INP_sv_e963_p917.png,https://tig-imagenet-bucket1.s3.eu-central-1.amazonaws.com/34_INP_dx_e963_p941.png,https://tig-imagenet-bucket1.s3.eu-central-1.amazonaws.com/82_INP_dlf_e963_p868.png,https://tig-imagenet-bucket1.s3.eu-central-1.amazonaws.com/80_INP_dlf_e963_p709.png,https://tig-imagenet-bucket1.s3.eu-central-1.amazonaws.com/97_INP_ox_e963_p965.png
https://tig-imagenet-bucket1.s3.eu-central-1.amazonaws.com/37_INP_dx_e963_p499.png,https://tig-imagenet-bucket1.s3.eu-central-1.amazonaws.com/20_INP_dlf_e963_p669.png,https://tig-imagenet-bucket1.s3.eu-central-1.amazonaws.com/2_INP_dx_e963_p931.png,https://tig-imagenet-bucket1.s3.eu-central-1.amazonaws.com/vr_0_e281_pNone.png,https://tig-imagenet-bucket1.s3.eu-central-1.amazonaws.com/97_INP_sv_e963_p923.png,https://tig-imagenet-bucket1.s3.eu-central-1.amazonaws.com/63_INP_ox_e963_p941.png,https://tig-imagenet-bucket1.s3.eu-central-1.amazonaws.com/47_INP_dlf_e963_p532.png,https://tig-imagenet-bucket1.s3.eu-central-1.amazonaws.com/101_INP_dx_e963_p567.png,https://tig-imagenet-bucket1.s3.eu-central-1.amazonaws.com/6_INP_ox_e963_p567.png,https://tig-imagenet-bucket1.s3.eu-central-1.amazonaws.com/87_INP_dx_e963_p964.png,https://tig-imagenet-bucket1.s3.eu-central-1.amazonaws.com/54_INP_ox_e963_p930.png
https://tig-imagenet-bucket1.s3.eu-central-1.amazonaws.com/vr_0_e281_pNone.png,https://tig-imagenet-bucket1.s3.eu-central-1.amazonaws.com/10_INP_sv_e963_p509.png,https://tig-imagenet-bucket1.s3.eu-central-1.amazonaws.com/108_INP_ox_e963_p930.png,https://tig-imagenet-bucket1.s3.eu-central-1.amazonaws.com/74_INP_ox_e963_p932.png,https://tig-imagenet-bucket1.s3.eu-central-1.amazonaws.com/109_INP_sv_e963_p415.png,https://tig-imagenet-bucket1.s3.eu-central-1.amazonaws.com/85_INP_ox_e963_p987.png,https://tig-imagenet-bucket1.s3.eu-central-1.amazonaws.com/107_INP_dx_e963_p861.png,https://tig-imagenet-bucket1.s3.eu-central-1.amazonaws.com/20_INP_dx_e963_p964.png,https://tig-imagenet-bucket1.s3.eu-central-1.amazonaws.com/83_INP_ox_e963_p964.png,https://tig-imagenet-bucket1.s3.eu-central-1.amazonaws.com/5_INP_dlf_e963_p868.png,https://tig-imagenet-bucket1.s3.eu-central-1.amazonaws.com/35_INP_dlf_e963_p854.png
https://tig-imagenet-bucket1.s3.eu-central-1.amazonaws.com/61_INP_ox_e963_p965.png,https://tig-imagenet-bucket1.s3.eu-central-1.amazonaws.com/116_INP_dx_e963_p965.png,https://tig-imagenet-bucket1.s3.eu-central-1.amazonaws.com/16_INP_sv_e963_p923.png,https://tig-imagenet-bucket1.s3.eu-central-1.amazonaws.com/57_INP_sv_e963_p904.png,https://tig-imagenet-bucket1.s3.eu-central-1.amazonaws.com/46_INP_dlf_e963_p112.png,https://tig-imagenet-bucket1.s3.eu-central-1.amazonaws.com/vr_0_e281_pNone.png,https://tig-imagenet-bucket1.s3.eu-central-1.amazonaws.com/81_INP_ox_e963_p965.png,https://tig-imagenet-bucket1.s3.eu-central-1.amazonaws.com/28_INP_ox_e963_p567.png,https://tig-imagenet-bucket1.s3.eu-central-1.amazonaws.com/34_INP_sv_e963_p942.png,https://tig-imagenet-bucket1.s3.eu-central-1.amazonaws.com/22_INP_ox_e963_p941.png,https://tig-imagenet-bucket1.s3.eu-central-1.amazonaws.com/13_INP_sv_e963_p924.png
https://tig-imagenet-bucket1.s3.eu-central-1.amazonaws.com/4_INP_ox_e963_p964.png,https://tig-imagenet-bucket1.s3.eu-central-1.amazonaws.com/89_INP_dlf_e963_p927.png,https://tig-imagenet-bucket1.s3.eu-central-1.amazonaws.com/53_INP_dx_e963_p962.png,https://tig-imagenet-bucket1.s3.eu-central-1.amazonaws.com/vr_0_e281_pNone.png,https://tig-imagenet-bucket1.s3.eu-central-1.amazonaws.com/53_INP_sv_e963_p960.png,https://tig-imagenet-bucket1.s3.eu-central-1.amazonaws.com/96_INP_dlf_e963_p112.png,https://tig-imagenet-bucket1.s3.eu-central-1.amazonaws.com/98_INP_sv_e963_p611.png,https://tig-imagenet-bucket1.s3.eu-central-1.amazonaws.com/54_INP_dlf_e963_p964.png,https://tig-imagenet-bucket1.s3.eu-central-1.amazonaws.com/49_INP_dlf_e963_p922.png,https://tig-imagenet-bucket1.s3.eu-central-1.amazonaws.com/40_INP_sv_e963_p987.png,https://tig-imagenet-bucket1.s3.eu-central-1.amazonaws.com/51_INP_sv_e963_p455.png
https://tig-imagenet-bucket1.s3.eu-central-1.amazonaws.com/85_INP_dlf_e963_p809.png,https://tig-imagenet-bucket1.s3.eu-central-1.amazonaws.com/56_INP_dx_e963_p964.png,https://tig-imagenet-bucket1.s3.eu-central-1.amazonaws.com/48_INP_ox_e963_p965.png,https://tig-imagenet-bucket1.s3.eu-central-1.amazonaws.com/vr_0_e281_pNone.png,https://tig-imagenet-bucket1.s3.eu-central-1.amazonaws.com/59_INP_dlf_e963_p868.png,https://tig-imagenet-bucket1.s3.eu-central-1.amazonaws.com/99_INP_ox_e963_p809.png,https://tig-imagenet-bucket1.s3.eu-central-1.amazonaws.com/76_INP_dlf_e963_p927.png,https://tig-imagenet-bucket1.s3.eu-central-1.amazonaws.com/41_INP_dx_e963_p964.png,https://tig-imagenet-bucket1.s3.eu-central-1.amazonaws.com/15_INP_dlf_e963_p923.png,https://tig-imagenet-bucket1.s3.eu-central-1.amazonaws.com/3_INP_ox_e963_p927.png,https://tig-imagenet-bucket1.s3.eu-central-1.amazonaws.com/50_INP_dlf_e963_p112.png
https://tig-imagenet-bucket1.s3.eu-central-1.amazonaws.com/39_INP_ox_e963_p415.png,https://tig-imagenet-bucket1.s3.eu-central-1.amazonaws.com/78_INP_ox_e963_p930.png,https://tig-imagenet-bucket1.s3.eu-central-1.amazonaws.com/38_INP_dlf_e963_p619.png,https://tig-imagenet-bucket1.s3.eu-central-1.amazonaws.com/18_INP_ox_e963_p567.png,https://tig-imagenet-bucket1.s3.eu-central-1.amazonaws.com/37_INP_sv_e963_p868.png,https://tig-imagenet-bucket1.s3.eu-central-1.amazonaws.com/vr_0_e281_pNone.png,https://tig-imagenet-bucket1.s3.eu-central-1.amazonaws.com/29_INP_dlf_e963_p922.png,https://tig-imagenet-bucket1.s3.eu-central-1.amazonaws.com/106_INP_dx_e963_p891.png,https://tig-imagenet-bucket1.s3.eu-central-1.amazonaws.com/38_INP_sv_e963_p192.png,https://tig-imagenet-bucket1.s3.eu-central-1.amazonaws.com/5_INP_ox_e963_p932.png,https://tig-imagenet-bucket1.s3.eu-central-1.amazonaws.com/86_INP_sv_e963_p930.png
https://tig-imagenet-bucket1.s3.eu-central-1.amazonaws.com/94_INP_dx_e963_p112.png,https://tig-imagenet-bucket1.s3.eu-central-1.amazonaws.com/49_INP_dx_e963_p509.png,https://tig-imagenet-bucket1.s3.eu-central-1.amazonaws.com/103_INP_ox_e963_p959.png,https://tig-imagenet-bucket1.s3.eu-central-1.amazonaws.com/9_INP_dlf_e963_p868.png,https://tig-imagenet-bucket1.s3.eu-central-1.amazonaws.com/90_INP_dx_e963_p793.png,https://tig-imagenet-bucket1.s3.eu-central-1.amazonaws.com/4_INP_dlf_e963_p964.png,https://tig-imagenet-bucket1.s3.eu-central-1.amazonaws.com/96_INP_sv_e963_p868.png,https://tig-imagenet-bucket1.s3.eu-central-1.amazonaws.com/vr_0_e281_pNone.png,https://tig-imagenet-bucket1.s3.eu-central-1.amazonaws.com/98_INP_ox_e963_p965.png,https://tig-imagenet-bucket1.s3.eu-central-1.amazonaws.com/90_INP_sv_e963_p868.png,https://tig-imagenet-bucket1.s3.eu-central-1.amazonaws.com/113_INP_dx_e963_p931.png
https://tig-imagenet-bucket1.s3.eu-central-1.amazonaws.com/vr_0_e281_pNone.png,https://tig-imagenet-bucket1.s3.eu-central-1.amazonaws.com/23_INP_ox_e963_p941.png,https://tig-imagenet-bucket1.s3.eu-central-1.amazonaws.com/30_INP_dlf_e963_p868.png,https://tig-imagenet-bucket1.s3.eu-central-1.amazonaws.com/39_INP_dlf_e963_p868.png,https://tig-imagenet-bucket1.s3.eu-central-1.amazonaws.com/55_INP_dx_e963_p965.png,https://tig-imagenet-bucket1.s3.eu-central-1.amazonaws.com/105_INP_dx_e963_p509.png,https://tig-imagenet-bucket1.s3.eu-central-1.amazonaws.com/47_INP_dx_e963_p452.png,https://tig-imagenet-bucket1.s3.eu-central-1.amazonaws.com/38_INP_ox_e963_p931.png,https://tig-imagenet-bucket1.s3.eu-central-1.amazonaws.com/76_INP_ox_e963_p923.png,https://tig-imagenet-bucket1.s3.eu-central-1.amazonaws.com/51_INP_ox_e963_p922.png,https://tig-imagenet-bucket1.s3.eu-central-1.amazonaws.com/102_INP_dx_e963_p868.png
https://tig-imagenet-bucket1.s3.eu-central-1.amazonaws.com/109_INP_dlf_e963_p922.png,https://tig-imagenet-bucket1.s3.eu-central-1.amazonaws.com/37_INP_dlf_e963_p868.png,https://tig-imagenet-bucket1.s3.eu-central-1.amazonaws.com/111_INP_ox_e963_p965.png,https://tig-imagenet-bucket1.s3.eu-central-1.amazonaws.com/17_INP_dx_e963_p891.png,https://tig-imagenet-bucket1.s3.eu-central-1.amazonaws.com/84_INP_dlf_e963_p964.png,https://tig-imagenet-bucket1.s3.eu-central-1.amazonaws.com/1_INP_dlf_e963_p891.png,https://tig-imagenet-bucket1.s3.eu-central-1.amazonaws.com/62_INP_dlf_e963_p861.png,https://tig-imagenet-bucket1.s3.eu-central-1.amazonaws.com/99_INP_sv_e963_p923.png,https://tig-imagenet-bucket1.s3.eu-central-1.amazonaws.com/vr_0_e281_pNone.png,https://tig-imagenet-bucket1.s3.eu-central-1.amazonaws.com/89_INP_ox_e963_p567.png,https://tig-imagenet-bucket1.s3.eu-central-1.amazonaws.com/25_INP_dlf_e963_p669.png
https://tig-imagenet-bucket1.s3.eu-central-1.amazonaws.com/30_INP_ox_e963_p931.png,https://tig-imagenet-bucket1.s3.eu-central-1.amazonaws.com/34_INP_dlf_e963_p787.png,https://tig-imagenet-bucket1.s3.eu-central-1.amazonaws.com/88_INP_dx_e963_p868.png,https://tig-imagenet-bucket1.s3.eu-central-1.amazonaws.com/vr_0_e281_pNone.png,https://tig-imagenet-bucket1.s3.eu-central-1.amazonaws.com/96_INP_ox_e963_p567.png,https://tig-imagenet-bucket1.s3.eu-central-1.amazonaws.com/62_INP_sv_e963_p788.png,https://tig-imagenet-bucket1.s3.eu-central-1.amazonaws.com/100_INP_sv_e963_p415.png,https://tig-imagenet-bucket1.s3.eu-central-1.amazonaws.com/27_INP_ox_e963_p923.png,https://tig-imagenet-bucket1.s3.eu-central-1.amazonaws.com/53_INP_ox_e963_p942.png,https://tig-imagenet-bucket1.s3.eu-central-1.amazonaws.com/56_INP_ox_e963_p965.png,https://tig-imagenet-bucket1.s3.eu-central-1.amazonaws.com/56_INP_dlf_e963_p809.png
https://tig-imagenet-bucket1.s3.eu-central-1.amazonaws.com/105_INP_ox_e963_p930.png,https://tig-imagenet-bucket1.s3.eu-central-1.amazonaws.com/48_INP_dx_e963_p517.png,https://tig-imagenet-bucket1.s3.eu-central-1.amazonaws.com/94_INP_sv_e963_p886.png,https://tig-imagenet-bucket1.s3.eu-central-1.amazonaws.com/69_INP_dx_e963_p927.png,https://tig-imagenet-bucket1.s3.eu-central-1.amazonaws.com/65_INP_sv_e963_p415.png,https://tig-imagenet-bucket1.s3.eu-central-1.amazonaws.com/vr_0_e281_pNone.png,https://tig-imagenet-bucket1.s3.eu-central-1.amazonaws.com/107_INP_dlf_e963_p931.png,https://tig-imagenet-bucket1.s3.eu-central-1.amazonaws.com/65_INP_dlf_e963_p861.png,https://tig-imagenet-bucket1.s3.eu-central-1.amazonaws.com/52_INP_sv_e963_p934.png,https://tig-imagenet-bucket1.s3.eu-central-1.amazonaws.com/26_INP_dlf_e963_p611.png,https://tig-imagenet-bucket1.s3.eu-central-1.amazonaws.com/24_INP_ox_e963_p567.png
https://tig-imagenet-bucket1.s3.eu-central-1.amazonaws.com/vr_0_e281_pNone.png,https://tig-imagenet-bucket1.s3.eu-central-1.amazonaws.com/39_INP_sv_e963_p964.png,https://tig-imagenet-bucket1.s3.eu-central-1.amazonaws.com/72_INP_dx_e963_p415.png,https://tig-imagenet-bucket1.s3.eu-central-1.amazonaws.com/44_INP_dlf_e963_p927.png,https://tig-imagenet-bucket1.s3.eu-central-1.amazonaws.com/75_INP_dx_e963_p964.png,https://tig-imagenet-bucket1.s3.eu-central-1.amazonaws.com/44_INP_sv_e963_p964.png,https://tig-imagenet-bucket1.s3.eu-central-1.amazonaws.com/101_INP_sv_e963_p962.png,https://tig-imagenet-bucket1.s3.eu-central-1.amazonaws.com/3_INP_dx_e963_p928.png,https://tig-imagenet-bucket1.s3.eu-central-1.amazonaws.com/110_INP_sv_e963_p809.png,https://tig-imagenet-bucket1.s3.eu-central-1.amazonaws.com/63_INP_sv_e963_p942.png,https://tig-imagenet-bucket1.s3.eu-central-1.amazonaws.com/4_INP_sv_e963_p962.png
https://tig-imagenet-bucket1.s3.eu-central-1.amazonaws.com/70_INP_dx_e963_p964.png,https://tig-imagenet-bucket1.s3.eu-central-1.amazonaws.com/76_INP_dx_e963_p964.png,https://tig-imagenet-bucket1.s3.eu-central-1.amazonaws.com/86_INP_ox_e963_p941.png,https://tig-imagenet-bucket1.s3.eu-central-1.amazonaws.com/43_INP_dx_e963_p964.png,https://tig-imagenet-bucket1.s3.eu-central-1.amazonaws.com/68_INP_dx_e963_p411.png,https://tig-imagenet-bucket1.s3.eu-central-1.amazonaws.com/50_INP_sv_e963_p941.png,https://tig-imagenet-bucket1.s3.eu-central-1.amazonaws.com/95_INP_dlf_e963_p964.png,https://tig-imagenet-bucket1.s3.eu-central-1.amazonaws.com/59_INP_dx_e963_p964.png,https://tig-imagenet-bucket1.s3.eu-central-1.amazonaws.com/83_INP_sv_e963_p619.png,https://tig-imagenet-bucket1.s3.eu-central-1.amazonaws.com/69_INP_dlf_e963_p868.png,https://tig-imagenet-bucket1.s3.eu-central-1.amazonaws.com/vr_0_e281_pNone.png
https://tig-imagenet-bucket1.s3.eu-central-1.amazonaws.com/11_INP_dlf_e963_p868.png,https://tig-imagenet-bucket1.s3.eu-central-1.amazonaws.com/106_INP_dlf_e963_p861.png,https://tig-imagenet-bucket1.s3.eu-central-1.amazonaws.com/56_INP_sv_e963_p941.png,https://tig-imagenet-bucket1.s3.eu-central-1.amazonaws.com/21_INP_dx_e963_p927.png,https://tig-imagenet-bucket1.s3.eu-central-1.amazonaws.com/103_INP_dlf_e963_p415.png,https://tig-imagenet-bucket1.s3.eu-central-1.amazonaws.com/11_INP_sv_e963_p771.png,https://tig-imagenet-bucket1.s3.eu-central-1.amazonaws.com/119_INP_dlf_e963_p962.png,https://tig-imagenet-bucket1.s3.eu-central-1.amazonaws.com/99_INP_dx_e963_p861.png,https://tig-imagenet-bucket1.s3.eu-central-1.amazonaws.com/vr_0_e281_pNone.png,https://tig-imagenet-bucket1.s3.eu-central-1.amazonaws.com/61_INP_sv_e963_p788.png,https://tig-imagenet-bucket1.s3.eu-central-1.amazonaws.com/59_INP_ox_e963_p567.png
https://tig-imagenet-bucket1.s3.eu-central-1.amazonaws.com/2_INP_ox_e963_p930.png,https://tig-imagenet-bucket1.s3.eu-central-1.amazonaws.com/52_INP_dlf_e963_p854.png,https://tig-imagenet-bucket1.s3.eu-central-1.amazonaws.com/117_INP_dlf_e963_p415.png,https://tig-imagenet-bucket1.s3.eu-central-1.amazonaws.com/15_INP_ox_e963_p962.png,https://tig-imagenet-bucket1.s3.eu-central-1.amazonaws.com/67_INP_dlf_e963_p452.png,https://tig-imagenet-bucket1.s3.eu-central-1.amazonaws.com/vr_0_e281_pNone.png,https://tig-imagenet-bucket1.s3.eu-central-1.amazonaws.com/84_INP_sv_e963_p965.png,https://tig-imagenet-bucket1.s3.eu-central-1.amazonaws.com/110_INP_ox_e963_p964.png,https://tig-imagenet-bucket1.s3.eu-central-1.amazonaws.com/52_INP_ox_e963_p567.png,https://tig-imagenet-bucket1.s3.eu-central-1.amazonaws.com/35_INP_sv_e963_p992.png,https://tig-imagenet-bucket1.s3.eu-central-1.amazonaws.com/21_INP_ox_e963_p965.png
https://tig-imagenet-bucket1.s3.eu-central-1.amazonaws.com/115_INP_dx_e963_p964.png,https://tig-imagenet-bucket1.s3.eu-central-1.amazonaws.com/19_INP_ox_e963_p942.png,https://tig-imagenet-bucket1.s3.eu-central-1.amazonaws.com/90_INP_ox_e963_p959.png,https://tig-imagenet-bucket1.s3.eu-central-1.amazonaws.com/vr_0_e281_pNone.png,https://tig-imagenet-bucket1.s3.eu-central-1.amazonaws.com/9_INP_sv_e963_p492.png,https://tig-imagenet-bucket1.s3.eu-central-1.amazonaws.com/90_INP_dlf_e963_p923.png,https://tig-imagenet-bucket1.s3.eu-central-1.amazonaws.com/68_INP_dlf_e963_p964.png,https://tig-imagenet-bucket1.s3.eu-central-1.amazonaws.com/102_INP_sv_e963_p964.png,https://tig-imagenet-bucket1.s3.eu-central-1.amazonaws.com/86_INP_dlf_e963_p861.png,https://tig-imagenet-bucket1.s3.eu-central-1.amazonaws.com/12_INP_ox_e963_p809.png,https://tig-imagenet-bucket1.s3.eu-central-1.amazonaws.com/20_INP_ox_e963_p567.png
https://tig-imagenet-bucket1.s3.eu-central-1.amazonaws.com/45_INP_ox_e963_p930.png,https://tig-imagenet-bucket1.s3.eu-central-1.amazonaws.com/100_INP_ox_e963_p940.png,https://tig-imagenet-bucket1.s3.eu-central-1.amazonaws.com/vr_0_e281_pNone.png,https://tig-imagenet-bucket1.s3.eu-central-1.amazonaws.com/9_INP_dx_e963_p499.png,https://tig-imagenet-bucket1.s3.eu-central-1.amazonaws.com/41_INP_dlf_e963_p112.png,https://tig-imagenet-bucket1.s3.eu-central-1.amazonaws.com/74_INP_sv_e963_p884.png,https://tig-imagenet-bucket1.s3.eu-central-1.amazonaws.com/19_INP_dx_e963_p964.png,https://tig-imagenet-bucket1.s3.eu-central-1.amazonaws.com/111_INP_dlf_e963_p861.png,https://tig-imagenet-bucket1.s3.eu-central-1.amazonaws.com/86_INP_dx_e963_p599.png,https://tig-imagenet-bucket1.s3.eu-central-1.amazonaws.com/22_INP_dlf_e963_p112.png,https://tig-imagenet-bucket1.s3.eu-central-1.amazonaws.com/43_INP_dlf_e963_p861.png
https://tig-imagenet-bucket1.s3.eu-central-1.amazonaws.com/57_INP_dx_e963_p809.png,https://tig-imagenet-bucket1.s3.eu-central-1.amazonaws.com/7_INP_dx_e963_p964.png,https://tig-imagenet-bucket1.s3.eu-central-1.amazonaws.com/83_INP_dlf_e963_p112.png,https://tig-imagenet-bucket1.s3.eu-central-1.amazonaws.com/106_INP_sv_e963_p415.png,https://tig-imagenet-bucket1.s3.eu-central-1.amazonaws.com/117_INP_ox_e963_p932.png,https://tig-imagenet-bucket1.s3.eu-central-1.amazonaws.com/vr_0_e281_pNone.png,https://tig-imagenet-bucket1.s3.eu-central-1.amazonaws.com/89_INP_dx_e963_p930.png,https://tig-imagenet-bucket1.s3.eu-central-1.amazonaws.com/82_INP_ox_e963_p923.png,https://tig-imagenet-bucket1.s3.eu-central-1.amazonaws.com/29_INP_dx_e963_p962.png,https://tig-imagenet-bucket1.s3.eu-central-1.amazonaws.com/31_INP_dlf_e963_p112.png,https://tig-imagenet-bucket1.s3.eu-central-1.amazonaws.com/101_INP_ox_e963_p931.png
